Chr	Range	Count	Stocks Seen In (stocks checked: 98)
chr4	263085-263101	1	16	w12.4,
chrX	3096864-3096981	1	117	w12.5,
chrX	4310750-4310757	1	7	cs14.4,
chrX	4889622-4889622	1	0	cs12.3,
chrX	5451197-5451346	1	149	w11.5,
chrX	5650323-5651195	1	872	cs13.5,
chrX	14164849-14164849	1	0	cs14.6,
chrX	14516533-14517494	1	961	cs13.12,
chrX	16251556-16251568	1	12	cs12.6,
chrX	20367515-20367822	1	307	w12.13,
chrX	20743369-20743381	1	12	cs13.3,
chr2L	17309-17309	2	0	cs12.11,cs13.14,
chr2L	17570-17570	1	0	cs12.7,
chr2L	20242-20242	1	0	w12.4,
chr2L	21685-21690	3	5	cs13.8,w13.1,w15.12,
chr2L	21688-21690	1	2	cs13.10,
chr2L	57790-259613	1	201823	w12.4,
chr2L	73974-73974	1	0	cs14.2,
chr2L	255337-255344	1	7	cs13.14,
chr2L	558299-663105	1	104806	w12.4,
chr2L	632798-632798	1	0	w12.7,
chr2L	639876-639908	11	32	cs12.12,cs13.10,cs13.12,cs13.8,cs14.11,w11.1,w12.12,w12.7,w15.1,w15.10,w15.12,
chr2L	639879-639908	1	29	w11.4,
chr2L	639887-639908	4	21	cs12.11,cs13.5,w11.3,w12.13,
chr2L	639894-639908	3	14	cs13.1,cs13.4,w12.2,
chr2L	639894-640019	1	125	cs12.9,
chr2L	639895-639908	2	13	cs12.14,cs14.4,
chr2L	639896-639908	2	12	cs12.7,w13.11,
chr2L	639908-639908	2	0	w13.2,w13.4,
chr2L	665745-775542	1	109797	w12.4,
chr2L	680741-680744	1	3	w11.1,
chr2L	776552-776564	6	12	cs12.2,cs12.5,w11.11,w12.7,w15.1,w15.4,
chr2L	776552-776552	8	0	cs12.16,cs13.14,cs13.4,cs13.6,cs14.2,w12.12,w15.10,w15.9,
chr2L	779084-877355	1	98271	w12.4,
chr2L	811544-811544	1	0	cs13.8,
chr2L	839664-839972	1	308	cs14.13,
chr2L	881702-1060698	1	178996	w12.4,
chr2L	890014-890028	2	14	cs13.1,w11.4,
chr2L	900998-901001	1	3	cs13.2,
chr2L	966939-966939	4	0	cs12.5,cs13.5,w15.10,w15.9,
chr2L	1012667-1012667	1	0	w15.12,
chr2L	1036435-1036435	1	0	cs12.11,
chr2L	1036551-1036551	1	0	cs12.9,
chr2L	1078581-1098804	1	20223	w12.4,
chr2L	1102789-1211385	1	108596	w12.4,
chr2L	1229149-1312149	1	83000	w12.4,
chr2L	1313293-1359906	1	46613	w12.4,
chr2L	1366563-1366580	1	17	w13.2,
chr2L	1382376-1471488	1	89112	w12.4,
chr2L	1491770-1491813	1	43	cs13.1,
chr2L	1554685-1554688	1	3	cs13.17,
chr2L	1593310-1593310	1	0	cs12.11,
chr2L	1607764-1607764	1	0	w12.7,
chr2L	1642210-1642210	2	0	cs13.15,w13.2,
chr2L	1765661-1765661	1	0	w11.3,
chr2L	1767131-1767339	1	208	w12.13,
chr2L	1767131-1767131	4	0	cs13.12,w12.2,w13.2,w15.12,
chr2L	1767131-1767290	1	159	w15.10,
chr2L	1767244-1767290	1	46	cs12.9,
chr2L	1767290-1767339	1	49	w11.7,
chr2L	1767290-1767290	2	0	cs12.16,cs14.4,
chr2L	1768544-1768544	6	0	cs14.11,cs14.4,w11.3,w12.13,w13.11,w13.2,
chr2L	1774259-1774259	5	0	cs12.5,cs13.17,cs13.5,cs14.8,w15.4,
chr2L	1778022-1778022	1	0	cs12.2,
chr2L	1778125-1778125	1	0	cs12.16,
chr2L	1778170-1778252	2	82	w12.7,w15.9,
chr2L	1778170-1778170	1	0	w13.4,
chr2L	1796078-1796078	1	0	w11.10,
chr2L	1796294-1796356	1	62	cs13.10,
chr2L	1796356-1796519	2	163	cs12.7,cs13.2,
chr2L	1796356-1796356	2	0	cs13.1,w12.7,
chr2L	1796519-1796519	12	0	cs12.11,cs12.2,cs13.13,cs13.17,cs13.5,cs13.6,w11.10,w11.11,w11.5,w12.13,w13.4,w15.9,
chr2L	1810915-1810992	1	77	cs14.4,
chr2L	1816475-1816475	1	0	cs13.12,
chr2L	1816475-1816677	2	202	cs12.12,cs12.7,
chr2L	1816677-1816677	16	0	cs12.16,cs12.2,cs13.10,cs13.14,cs13.15,cs13.17,cs13.6,cs13.8,cs14.11,cs14.2,w11.11,w11.5,w12.13,w13.11,w15.1,w15.10,
chr2L	1818637-1818637	1	0	w12.7,
chr2L	1818688-1940657	1	121969	w12.4,
chr2L	1819239-1819239	6	0	cs12.11,cs12.12,cs12.14,cs13.13,cs13.5,cs13.8,
chr2L	1819239-1819310	1	71	cs13.10,
chr2L	1819297-1819297	1	0	cs13.4,
chr2L	1819297-1819310	3	13	cs13.11,cs14.11,w15.12,
chr2L	1819304-1819304	1	0	w15.9,
chr2L	1867511-1867511	1	0	w15.1,
chr2L	1934105-1934105	1	0	cs12.12,
chr2L	1949847-1949847	21	0	w11.1,w11.10,w11.11,w11.12,w11.13,w11.2,w11.3,w11.4,w11.5,w11.6,w11.7,w11.8,w15.10,w15.12,w15.13,w15.3,w15.4,w15.5,w15.6,w15.7,w15.9,
chr2L	1962702-1962728	1	26	w11.4,
chr2L	1962727-1962728	1	1	cs13.5,
chr2L	1962728-1962728	1	0	cs12.7,
chr2L	1988089-1988090	1	1	cs12.7,
chr2L	1988101-1988103	1	2	cs13.8,
chr2L	2018523-2018544	1	21	w11.1,
chr2L	2018536-2018544	1	8	cs12.16,
chr2L	2350338-2350345	1	7	w11.7,
chr2L	2359055-2359064	14	9	cs12.11,cs12.12,cs12.16,cs13.10,cs13.12,cs13.15,cs14.11,w11.1,w11.10,w12.13,w12.2,w13.6,w15.10,w15.12,
chr2L	2359064-2359064	4	0	cs12.7,cs14.8,w11.11,w12.12,
chr2L	2424776-2424778	1	2	cs14.11,
chr2L	2427250-2460622	1	33372	w12.4,
chr2L	2484260-2491153	1	6893	w12.4,
chr2L	2494361-2518625	1	24264	w12.4,
chr2L	2523176-2644821	1	121645	w12.4,
chr2L	2525030-2525030	1	0	cs13.1,
chr2L	2548095-2548095	1	0	cs12.7,
chr2L	2548114-2548114	1	0	cs13.11,
chr2L	2650725-2720920	1	70195	w12.4,
chr2L	3086822-3086849	1	27	w13.10,
chr2L	3088301-3088308	1	7	cs12.12,
chr2L	3092276-3092276	1	0	w12.2,
chr2L	3144909-3202144	1	57235	w12.4,
chr2L	3188693-3188693	1	0	w13.12,
chr2L	3281594-3281605	1	11	w11.10,
chr2L	3303654-3303654	1	0	cs12.5,
chr2L	3312469-3312477	1	8	cs13.8,
chr2L	3430734-3431013	1	279	cs14.5,
chr2L	3449571-3449584	8	13	cs12.11,cs12.9,cs13.2,cs13.4,cs13.8,w11.1,w11.7,w15.1,
chr2L	3449578-3449584	1	6	w13.11,
chr2L	3449584-3449584	1	0	w13.4,
chr2L	3500405-3500413	1	8	cs12.7,
chr2L	3728190-3728222	1	32	w11.7,
chr2L	3815547-3815547	1	0	w11.3,
chr2L	3855189-3855189	1	0	w12.2,
chr2L	3876912-3876912	1	0	cs12.16,
chr2L	3881304-3881323	1	19	cs13.1,
chr2L	3881320-3881323	3	3	cs13.2,cs13.6,w15.10,
chr2L	3881322-3881323	1	1	w13.2,
chr2L	3881414-3993935	1	112521	w12.4,
chr2L	3902603-3938533	1	35930	w15.13,
chr2L	3981393-3981393	1	0	cs12.2,
chr2L	4017002-4017066	1	64	w12.4,
chr2L	4019441-4020276	1	835	cs13.2,
chr2L	4117470-4119421	1	1951	w12.4,
chr2L	4168675-4168675	5	0	cs12.12,cs13.11,cs13.14,w11.5,w11.7,
chr2L	4194534-4194564	3	30	cs13.8,w11.1,w11.3,
chr2L	4194539-4194564	1	25	w11.4,
chr2L	4201841-4201841	1	0	cs12.16,
chr2L	4220642-4220642	1	0	cs13.4,
chr2L	4229459-4229467	1	8	cs12.16,
chr2L	4261726-4263132	1	1406	w12.4,
chr2L	4261806-4261806	1	0	cs13.5,
chr2L	4277271-4277271	1	0	cs13.12,
chr2L	4458633-4563073	1	104440	w15.13,
chr2L	4474994-4474994	1	0	w12.4,
chr2L	4564365-4564374	16	9	cs12.16,cs12.5,cs12.7,cs12.9,cs13.11,cs13.12,cs13.2,cs13.5,cs13.6,w11.3,w11.5,w13.11,w13.4,w13.6,w15.1,w15.9,
chr2L	4564366-4564374	1	8	w11.10,
chr2L	4564370-4564374	2	4	cs12.2,cs13.4,
chr2L	4564374-4564374	1	0	w12.13,
chr2L	4709951-4709964	1	13	cs12.9,
chr2L	4737803-4737873	1	70	w12.5,
chr2L	4779870-4779870	1	0	cs13.5,
chr2L	4806304-4806306	1	2	cs12.16,
chr2L	4811131-4811148	1	17	cs13.17,
chr2L	4811144-4811148	1	4	cs12.16,
chr2L	4871403-4885430	1	14027	w12.4,
chr2L	5022584-5022584	1	0	cs14.8,
chr2L	5080771-5080771	1	0	cs13.14,
chr2L	5116226-5116226	1	0	w11.3,
chr2L	5166402-5166402	15	0	cs12.12,cs12.5,cs12.7,cs13.11,cs13.14,cs13.5,cs13.6,cs14.11,cs14.2,cs14.8,w11.3,w11.7,w13.4,w15.1,w15.4,
chr2L	5176777-5176777	1	0	w13.4,
chr2L	5216667-5216725	1	58	w12.4,
chr2L	5574178-5574178	2	0	cs13.5,w11.1,
chr2L	5624921-5624931	1	10	w15.9,
chr2L	5624931-5624931	1	0	cs13.12,
chr2L	5724341-5724412	2	71	cs12.2,w15.9,
chr2L	5778017-5778017	1	0	w12.4,
chr2L	5814707-5814735	1	28	w12.4,
chr2L	5846209-5846209	1	0	w12.4,
chr2L	5855557-5855578	14	21	cs12.11,cs12.12,cs12.7,cs13.2,cs13.5,cs14.11,cs14.8,w11.3,w11.4,w11.5,w12.12,w13.11,w13.6,w15.4,
chr2L	5855560-5855578	1	18	w15.10,
chr2L	5855566-5855578	1	12	cs13.4,
chr2L	5855574-5855578	1	4	cs13.13,
chr2L	5910355-5910355	1	0	cs13.2,
chr2L	5939817-5939819	1	2	cs13.14,
chr2L	6109077-6109085	1	8	cs13.8,
chr2L	6165242-6165266	1	24	cs12.7,
chr2L	6165242-6165261	1	19	cs13.8,
chr2L	6165242-6165242	2	0	cs13.6,w11.1,
chr2L	6184744-6190746	1	6002	w12.4,
chr2L	6199614-6199614	2	0	cs14.2,w12.13,
chr2L	6217403-6217403	1	0	w12.4,
chr2L	6226018-6226018	1	0	w12.4,
chr2L	6312314-6312314	3	0	cs12.12,cs13.1,w11.4,
chr2L	6356958-6356994	1	36	w12.13,
chr2L	6372751-6372761	1	10	cs14.8,
chr2L	6372751-6372751	1	0	cs12.5,
chr2L	6396647-6396647	1	0	cs12.2,
chr2L	6414155-6414155	1	0	w12.4,
chr2L	6483707-6483766	3	59	cs12.12,w13.6,w15.12,
chr2L	6483707-6483859	2	152	cs12.5,cs14.8,
chr2L	6483707-6483742	1	35	cs13.12,
chr2L	6483707-6483724	2	17	w11.3,w11.7,
chr2L	6483718-6483859	1	141	w15.10,
chr2L	6483718-6483742	3	24	w11.5,w12.12,w15.1,
chr2L	6483718-6483724	4	6	cs12.2,cs13.14,w13.11,w15.4,
chr2L	6483718-6483766	2	48	w11.1,w13.4,
chr2L	6483718-6483718	1	0	w15.9,
chr2L	6483724-6483742	1	18	cs12.7,
chr2L	6483724-6483837	1	113	cs13.4,
chr2L	6483724-6483724	3	0	cs13.13,cs13.17,cs13.6,
chr2L	6483742-6483742	1	0	w12.13,
chr2L	6483766-6483766	1	0	cs14.2,
chr2L	6483797-6483825	1	28	w15.5,
chr2L	6557643-6557661	3	18	cs14.2,w11.5,w13.11,
chr2L	6557647-6557661	1	14	cs12.5,
chr2L	6557655-6557661	1	6	cs13.12,
chr2L	6571890-6571898	6	8	cs12.11,cs13.11,cs14.11,w11.1,w11.3,w15.4,
chr2L	6571898-6571898	3	0	cs12.2,cs13.6,w13.11,
chr2L	6593489-6593489	1	0	w12.4,
chr2L	6664314-6664314	1	0	w12.4,
chr2L	6755529-6755529	1	0	w11.7,
chr2L	6808182-6808265	1	83	w12.4,
chr2L	6808445-6808445	1	0	cs12.2,
chr2L	6825993-6825993	1	0	cs14.8,
chr2L	6834237-6834244	3	7	cs13.4,cs13.6,w11.5,
chr2L	6842051-6842062	1	11	w15.1,
chr2L	6842579-6842583	1	4	cs12.12,
chr2L	6972183-6972185	1	2	cs13.14,
chr2L	6988142-7000226	1	12084	w12.4,
chr2L	7006951-7006951	1	0	w12.4,
chr2L	7057931-7057931	1	0	w12.4,
chr2L	7073832-7073837	8	5	cs12.2,cs13.13,cs13.2,cs13.5,cs13.6,cs14.11,w15.10,w15.12,
chr2L	7100966-7102092	1	1126	w12.4,
chr2L	7169741-7169752	1	11	w15.4,
chr2L	7273992-7273992	1	0	w12.12,
chr2L	7292159-7292171	3	12	cs13.14,cs14.2,w11.5,
chr2L	7292159-7292193	1	34	w11.7,
chr2L	7292167-7292171	2	4	cs13.2,cs13.6,
chr2L	7292169-7292169	2	0	cs13.17,w12.12,
chr2L	7292169-7292171	1	2	cs12.7,
chr2L	7293548-7293548	1	0	w11.7,
chr2L	7510013-7510013	1	0	w15.12,
chr2L	7526628-7526628	1	0	w11.6,
chr2L	7577524-7577551	10	27	cs12.2,cs12.5,cs12.7,cs13.1,cs13.2,cs13.4,cs14.8,w11.3,w15.4,w15.9,
chr2L	7618262-7618262	1	0	w12.4,
chr2L	7630452-7630505	1	53	w12.4,
chr2L	7639112-7639112	1	0	w11.7,
chr2L	7752072-7752081	1	9	cs13.2,
chr2L	7758584-7758584	1	0	w12.4,
chr2L	7823121-7823124	1	3	w11.1,
chr2L	7823124-7823124	3	0	cs12.11,cs13.5,w12.13,
chr2L	7829373-7835508	1	6135	cs12.10,
chr2L	7835597-7835651	1	54	w11.3,
chr2L	7835597-7835630	3	33	cs12.2,cs13.4,w13.11,
chr2L	7835617-7835630	1	13	cs12.5,
chr2L	7835621-7835651	1	30	cs13.8,
chr2L	7835621-7835630	3	9	cs13.2,w11.1,w11.4,
chr2L	7835625-7835625	1	0	cs14.11,
chr2L	7835626-7835630	1	4	cs13.17,
chr2L	7835630-7835630	1	0	w15.4,
chr2L	7835651-7836687	1	1036	w12.4,
chr2L	7901213-7901213	1	0	cs13.12,
chr2L	7916699-7916699	1	0	w11.7,
chr2L	8271158-8271158	2	0	cs13.13,cs13.4,
chr2L	8347699-8347699	1	0	cs13.12,
chr2L	8705306-8705306	1	0	cs12.7,
chr2L	8748411-8748414	1	3	w12.4,
chr2L	8752993-8753528	1	535	w12.4,
chr2L	8759314-8759316	1	2	w12.4,
chr2L	8777592-8778064	1	472	w12.4,
chr2L	8792891-8792891	1	0	w12.4,
chr2L	8834234-8834237	1	3	cs13.4,
chr2L	8896930-8896930	1	0	cs13.11,
chr2L	8968493-8968493	1	0	w12.4,
chr2L	8975184-8975184	1	0	cs13.1,
chr2L	8980555-8980555	1	0	w12.4,
chr2L	8996687-8996687	1	0	cs13.8,
chr2L	9116340-9116340	1	0	w12.4,
chr2L	9122425-9122425	1	0	cs13.8,
chr2L	9131323-9131332	1	9	w12.4,
chr2L	9192045-9192045	1	0	w11.7,
chr2L	9197023-9210478	1	13455	w12.6,
chr2L	9199125-9199125	1	0	w12.4,
chr2L	9203291-9203291	2	0	w11.7,w13.2,
chr2L	9210539-9210539	3	0	cs12.2,cs13.12,cs13.2,
chr2L	9212854-9212854	1	0	w12.4,
chr2L	9214077-9214227	1	150	cs13.11,
chr2L	9224654-9224654	1	0	w12.4,
chr2L	9224793-9224880	1	87	cs13.1,
chr2L	9342275-9342275	1	0	cs13.17,
chr2L	9360926-9360931	13	5	cs12.12,cs12.2,cs13.11,cs13.17,cs13.2,cs13.4,cs13.6,cs14.8,w11.7,w12.13,w13.11,w15.1,w15.12,
chr2L	9360929-9360931	2	2	cs13.1,w11.5,
chr2L	9360931-9360931	1	0	cs12.5,
chr2L	9361660-9362144	1	484	w15.13,
chr2L	9365445-9365445	1	0	w13.6,
chr2L	9400103-9400103	1	0	w12.4,
chr2L	9403046-9403054	1	8	cs12.5,
chr2L	9408398-9408398	1	0	w11.3,
chr2L	9464368-9464368	3	0	cs13.14,w11.7,w15.4,
chr2L	9464437-9472896	1	8459	cs12.6,
chr2L	9473067-9473071	6	4	cs13.17,cs13.2,w12.12,w13.2,w13.4,w15.12,
chr2L	9473068-9473071	1	3	cs12.7,
chr2L	9473071-9473071	1	0	w15.1,
chr2L	9473071-9474689	1	1618	cs14.8,
chr2L	9486165-9486825	1	660	cs14.12,
chr2L	9488959-9488960	1	1	w15.12,
chr2L	9502867-9502867	1	0	w15.10,
chr2L	9551915-9551915	1	0	cs12.11,
chr2L	9665381-9665381	1	0	cs13.8,
chr2L	9665826-9665921	1	95	cs13.8,
chr2L	9682248-9682261	1	13	cs12.5,
chr2L	9857347-9857350	1	3	cs13.4,
chr2L	10040630-10049276	1	8646	w12.4,
chr2L	10063964-10063964	1	0	cs13.17,
chr2L	10074778-10074778	1	0	w12.4,
chr2L	10083586-10084232	1	646	w12.4,
chr2L	10107971-10107971	1	0	w12.4,
chr2L	10113138-10113149	1	11	cs13.11,
chr2L	10127024-10127024	1	0	cs13.1,
chr2L	10235809-10235809	1	0	w15.6,
chr2L	10270799-10270931	1	132	cs12.11,
chr2L	10319656-10319656	1	0	w12.4,
chr2L	10326563-10326563	1	0	cs12.12,
chr2L	10349096-10351679	1	2583	w12.4,
chr2L	10447069-10447073	1	4	w15.10,
chr2L	10510705-10510710	1	5	cs12.11,
chr2L	10510705-10510734	1	29	cs13.14,
chr2L	10510709-10510716	1	7	cs13.13,
chr2L	10584641-10584641	1	0	cs12.13,
chr2L	10590805-10606144	1	15339	w12.4,
chr2L	10655037-10655575	1	538	cs13.11,
chr2L	10679130-10679134	1	4	cs14.10,
chr2L	10689002-10689002	1	0	cs14.6,
chr2L	10697203-10701719	1	4516	w12.4,
chr2L	10702764-10702861	1	97	w15.11,
chr2L	10708272-10708272	1	0	w15.12,
chr2L	10785862-10785866	1	4	w15.10,
chr2L	10811806-10811806	1	0	w12.4,
chr2L	10973310-10973362	1	52	w12.4,
chr2L	10975533-10975539	4	6	cs13.13,w11.3,w12.2,w15.9,
chr2L	10975536-10975539	1	3	w15.1,
chr2L	11148549-11148549	1	0	w12.4,
chr2L	11175976-11175976	2	0	cs13.1,w15.10,
chr2L	11192264-11192280	1	16	cs13.6,
chr2L	11208922-11208922	1	0	cs13.8,
chr2L	11233643-11233643	1	0	w11.5,
chr2L	11249962-11249969	1	7	w11.1,
chr2L	11289225-11289327	1	102	w12.4,
chr2L	11302640-11302640	1	0	w12.4,
chr2L	11310372-11310382	2	10	w11.5,w15.4,
chr2L	11319326-11427387	1	108061	w12.4,
chr2L	11387443-11387443	1	0	cs13.12,
chr2L	11421174-11421197	1	23	cs13.8,
chr2L	11431223-11536961	1	105738	w12.4,
chr2L	11486234-11486236	3	2	cs13.11,cs13.5,w15.4,
chr2L	11486235-11486236	1	1	cs12.5,
chr2L	11486236-11486236	1	0	cs14.2,
chr2L	11540006-11579300	1	39294	w12.4,
chr2L	11587949-11587952	1	3	cs13.12,
chr2L	11591674-11773295	1	181621	w12.4,
chr2L	11772144-11772145	1	1	cs13.12,
chr2L	11776194-11881427	1	105233	w12.4,
chr2L	11781125-11781157	1	32	cs12.5,
chr2L	11822463-11822463	1	0	cs12.12,
chr2L	11875953-11875954	5	1	cs14.2,w11.1,w11.4,w11.7,w15.9,
chr2L	11912118-11929196	1	17078	w12.4,
chr2L	11932387-11960520	1	28133	w12.4,
chr2L	11972059-11972156	1	97	w12.4,
chr2L	11972059-11972108	2	49	cs12.12,cs13.8,
chr2L	11972063-11972108	2	45	cs13.12,w11.4,
chr2L	11972063-11972090	1	27	cs14.2,
chr2L	11972084-11972108	1	24	cs12.7,
chr2L	11972147-11972156	1	9	w13.4,
chr2L	12080637-12080648	2	11	cs13.8,cs14.8,
chr2L	12080638-12080648	1	10	cs12.12,
chr2L	12080642-12080648	1	6	cs13.13,
chr2L	12080648-12080678	1	30	cs12.7,
chr2L	12093654-12093656	1	2	cs13.14,
chr2L	12131544-12131544	4	0	cs13.13,cs13.5,w13.6,w15.12,
chr2L	12147072-12147322	1	250	cs13.8,
chr2L	12147072-12147072	1	0	cs12.7,
chr2L	12248522-12248530	1	8	w11.7,
chr2L	12251425-12251425	2	0	w13.13,w15.8,
chr2L	12253056-12253056	1	0	w11.1,
chr2L	12309133-12309133	2	0	cs12.5,cs14.8,
chr2L	12331990-12332065	1	75	w12.4,
chr2L	12365089-12365089	4	0	cs12.12,cs12.5,cs12.7,w15.12,
chr2L	12437808-12437823	1	15	w15.4,
chr2L	12438817-12438817	1	0	w12.4,
chr2L	12524732-12524737	2	5	cs12.12,cs13.12,
chr2L	12567545-12567646	1	101	w13.11,
chr2L	12574823-12574826	1	3	cs12.7,
chr2L	12579301-12579301	1	0	w12.4,
chr2L	12604193-12604209	1	16	w13.4,
chr2L	12619254-12619259	2	5	cs12.7,cs14.11,
chr2L	12748331-12750604	1	2273	w12.4,
chr2L	13153640-13153640	1	0	w11.1,
chr2L	13250645-13250645	1	0	w12.4,
chr2L	13321509-13326891	1	5382	w12.4,
chr2L	13353586-13353586	1	0	cs13.1,
chr2L	13357708-13357730	1	22	cs14.11,
chr2L	13357711-13357722	1	11	cs12.7,
chr2L	13357711-13357730	1	19	cs13.5,
chr2L	13357712-13357730	1	18	w15.1,
chr2L	13433890-13433890	1	0	cs13.12,
chr2L	13509340-13509340	1	0	w12.4,
chr2L	13556720-13556720	1	0	w12.4,
chr2L	13572204-13572210	1	6	cs13.8,
chr2L	13607574-13607574	1	0	w11.7,
chr2L	13627271-13627271	1	0	cs13.6,
chr2L	13627745-13644867	1	17122	w13.9,
chr2L	13644930-13644930	2	0	cs13.8,w15.9,
chr2L	13701435-13701435	1	0	cs14.8,
chr2L	13710732-13721376	1	10644	w12.4,
chr2L	13931776-13931776	1	0	cs13.2,
chr2L	13942345-13949985	1	7640	w12.4,
chr2L	13963213-13963213	1	0	w12.4,
chr2L	13982367-13982367	1	0	cs13.2,
chr2L	14009870-14009871	3	1	cs13.5,w12.4,w13.6,
chr2L	14010928-14010959	1	31	cs13.1,
chr2L	14010928-14010945	1	17	cs13.4,
chr2L	14010928-14010952	1	24	cs13.2,
chr2L	14010928-14010954	3	26	cs12.5,cs13.14,w13.11,
chr2L	14010933-14010954	1	21	cs14.8,
chr2L	14010952-14010954	1	2	cs12.7,
chr2L	14010952-14010959	1	7	w11.1,
chr2L	14010954-14010959	1	5	cs14.11,
chr2L	14048973-14048973	1	0	w12.2,
chr2L	14142004-14142004	1	0	cs12.5,
chr2L	14145968-14151256	1	5288	w12.4,
chr2L	14147818-14147825	1	7	w11.7,
chr2L	14147823-14147825	1	2	cs13.5,
chr2L	14155303-14155303	1	0	cs14.9,
chr2L	14193669-14193669	1	0	cs12.5,
chr2L	14231328-14232991	1	1663	w12.4,
chr2L	14242223-14242223	1	0	cs12.12,
chr2L	14254699-14254703	1	4	w12.4,
chr2L	14283713-14285817	1	2104	w12.4,
chr2L	14285044-14285047	1	3	w13.6,
chr2L	14324624-14329770	1	5146	w12.4,
chr2L	14470672-14488453	1	17781	w11.6,
chr2L	14488688-14488688	12	0	cs13.1,cs13.13,cs13.5,cs13.8,cs14.8,w11.1,w11.3,w12.12,w12.2,w13.6,w15.12,w15.9,
chr2L	14489575-14503104	1	13529	w11.13,
chr2L	14503486-14503486	7	0	cs13.1,cs13.5,w11.1,w12.12,w13.6,w15.1,w15.10,
chr2L	14525859-14531017	1	5158	w12.4,
chr2L	14576405-14576408	1	3	w12.4,
chr2L	14593127-14593919	1	792	w12.4,
chr2L	14656842-14656842	1	0	w13.11,
chr2L	14693436-14693436	1	0	w11.3,
chr2L	14765856-14770067	1	4211	w12.4,
chr2L	14784945-14784945	1	0	w15.10,
chr2L	14787206-14787206	2	0	cs13.6,w13.4,
chr2L	14787223-14787223	1	0	w11.7,
chr2L	14882547-14882565	1	18	w11.7,
chr2L	14882547-14882547	1	0	w13.11,
chr2L	14882562-14882562	3	0	cs12.5,cs13.5,w15.12,
chr2L	14882562-14882565	3	3	cs12.7,cs13.8,cs14.2,
chr2L	14882563-14882565	2	2	cs13.4,w15.10,
chr2L	14883503-14902177	1	18674	cs14.1,
chr2L	14887222-14893029	1	5807	w12.4,
chr2L	14911852-14911852	1	0	cs14.2,
chr2L	14943211-14943211	4	0	cs12.12,cs14.2,cs14.8,w12.12,
chr2L	14943301-14943418	1	117	w12.4,
chr2L	14995365-14995365	1	0	w11.1,
chr2L	15002133-15002133	1	0	w12.4,
chr2L	15035547-15035547	6	0	cs12.12,cs13.5,cs13.8,cs14.11,w15.1,w15.12,
chr2L	15097103-15099562	1	2459	w12.4,
chr2L	15100021-15100047	1	26	w11.7,
chr2L	15105336-15105340	1	4	cs13.6,
chr2L	15105336-15105392	1	56	w15.1,
chr2L	15105338-15105340	1	2	w13.4,
chr2L	15105390-15105414	3	24	cs13.14,cs13.5,cs14.8,
chr2L	15144495-15144516	1	21	cs13.4,
chr2L	15170869-15174934	1	4065	w12.4,
chr2L	15202080-15202122	1	42	w12.4,
chr2L	15240241-15240243	1	2	w12.4,
chr2L	15293161-15293161	1	0	w11.1,
chr2L	15397024-15397030	1	6	cs12.14,
chr2L	15397024-15397039	1	15	cs13.1,
chr2L	15397030-15397030	1	0	cs13.13,
chr2L	15397039-15397041	1	2	cs13.2,
chr2L	15401201-15455686	1	54485	w15.13,
chr2L	15439322-15439325	1	3	w13.6,
chr2L	15526011-15526045	2	34	cs12.14,cs13.14,
chr2L	15526018-15526045	3	27	cs13.5,cs13.8,cs14.8,
chr2L	15526045-15526076	1	31	cs13.11,
chr2L	15526045-15526045	2	0	w11.5,w15.12,
chr2L	15635039-15635071	12	32	cs12.14,cs12.5,cs13.11,cs13.2,cs14.2,w11.5,w11.7,w13.4,w13.6,w15.1,w15.12,w15.9,
chr2L	15635042-15635071	3	29	w11.4,w12.12,w15.4,
chr2L	15635042-15635054	1	12	cs13.5,
chr2L	15635046-15635071	1	25	cs13.14,
chr2L	15635050-15635050	1	0	cs14.8,
chr2L	15635054-15639457	1	4403	w12.4,
chr2L	15635054-15635071	1	17	w11.3,
chr2L	15635067-15635067	1	0	cs13.13,
chr2L	15758371-15758491	1	120	cs12.17,
chr2L	15763353-15763353	1	0	cs13.11,
chr2L	15775533-15775534	4	1	cs14.8,w11.4,w11.7,w15.1,
chr2L	15775534-15775534	1	0	cs13.6,
chr2L	16011277-16011277	1	0	cs14.2,
chr2L	16011277-16020423	1	9146	w12.4,
chr2L	16053106-16053106	1	0	w11.7,
chr2L	16077539-16077539	1	0	cs12.14,
chr2L	16135588-16135614	1	26	w12.4,
chr2L	16165528-16165528	2	0	cs13.2,w13.4,
chr2L	16165528-16165582	1	54	w11.1,
chr2L	16165582-16165582	1	0	w11.4,
chr2L	16166290-16166291	1	1	cs13.8,
chr2L	16176571-16176571	1	0	w11.3,
chr2L	16184800-16185259	1	459	cs14.9,
chr2L	16185046-16188721	1	3675	w12.4,
chr2L	16208300-16208300	1	0	cs13.2,
chr2L	16221888-16221888	1	0	cs12.7,
chr2L	16229553-16229556	1	3	cs14.8,
chr2L	16239419-16239419	1	0	w12.4,
chr2L	16243729-16243732	2	3	cs13.5,w11.4,
chr2L	16243732-16243732	2	0	cs12.14,w15.4,
chr2L	16408129-16408170	1	41	w12.4,
chr2L	16410563-16410590	1	27	cs13.4,
chr2L	16437391-16437400	2	9	cs14.11,cs14.8,
chr2L	16437393-16437393	1	0	w13.6,
chr2L	16437393-16437400	1	7	cs13.13,
chr2L	16437393-16437395	1	2	cs14.2,
chr2L	16437395-16437395	2	0	cs12.5,w11.7,
chr2L	16448752-16448752	1	0	cs12.14,
chr2L	16448752-16448768	1	16	w11.1,
chr2L	16468398-16468472	1	74	w11.1,
chr2L	16510604-16510616	1	12	w12.4,
chr2L	16541441-16541441	1	0	cs13.8,
chr2L	16541516-16541516	1	0	w12.4,
chr2L	16567819-16567821	5	2	cs12.7,cs13.11,cs13.13,cs13.4,w11.7,
chr2L	16574056-16574056	1	0	w12.12,
chr2L	16645938-16645938	5	0	cs12.14,cs13.11,cs13.4,w12.12,w12.4,
chr2L	16695389-16695389	1	0	w12.4,
chr2L	16762818-16762821	1	3	w13.4,
chr2L	16762886-16762887	1	1	cs14.11,
chr2L	16835710-16835710	1	0	w12.4,
chr2L	16845725-16845881	1	156	cs13.8,
chr2L	16845725-16845728	4	3	cs13.14,cs13.2,cs13.6,w15.12,
chr2L	16845725-16845725	1	0	cs13.5,
chr2L	16845728-16845728	1	0	w11.1,
chr2L	16846380-16850865	1	4485	w11.2,
chr2L	16846380-16849366	1	2986	cs14.1,
chr2L	16846488-16850614	1	4126	cs13.9,
chr2L	16850956-16850960	1	4	w12.2,
chr2L	16851010-16851175	1	165	cs13.14,
chr2L	16851010-16851010	9	0	cs13.1,cs13.11,cs14.11,cs14.2,w11.4,w11.5,w11.7,w15.12,w15.9,
chr2L	16851010-16854058	1	3048	w12.4,
chr2L	16851955-16859556	1	7601	cs14.5,
chr2L	16859843-16859867	1	24	w11.1,
chr2L	16859849-16859849	1	0	cs12.14,
chr2L	16861018-16888023	1	27005	w15.13,
chr2L	16880852-16880922	1	70	w12.4,
chr2L	16967463-16967463	1	0	w12.4,
chr2L	16999024-16999029	11	5	cs12.7,cs13.13,cs13.5,cs14.2,w11.4,w11.5,w11.7,w12.12,w13.4,w15.1,w15.9,
chr2L	16999024-16999024	2	0	cs13.14,cs14.8,
chr2L	17033865-17099109	1	65244	w12.4,
chr2L	17137909-17137925	1	16	w12.4,
chr2L	17289381-17289381	1	0	cs13.8,
chr2L	17293506-17293538	1	32	cs13.8,
chr2L	17303190-17303190	1	0	cs13.1,
chr2L	17332531-17348489	1	15958	w12.4,
chr2L	17343349-17343360	2	11	cs13.4,w13.4,
chr2L	17372860-17372874	1	14	cs13.14,
chr2L	17388503-17388503	1	0	cs13.8,
chr2L	17388819-17388819	1	0	w12.2,
chr2L	17457895-17457918	1	23	w13.6,
chr2L	17627009-17651859	1	24850	w12.4,
chr2L	17705943-17716204	1	10261	w12.4,
chr2L	17711905-17711905	1	0	w15.10,
chr2L	17721817-17721817	1	0	cs13.6,
chr2L	17773275-17773297	1	22	cs13.11,
chr2L	17781015-17784348	1	3333	w12.4,
chr2L	17906961-17906961	1	0	cs13.2,
chr2L	18017974-18029485	1	11511	w12.4,
chr2L	18102813-18102813	2	0	cs13.14,cs13.8,
chr2L	18204470-18204470	1	0	cs13.2,
chr2L	18295289-18295289	1	0	cs13.2,
chr2L	18362285-18362285	1	0	w15.6,
chr2L	18386777-18386777	1	0	w12.4,
chr2L	19272283-19272283	1	0	w12.4,
chr2L	19482291-19482323	1	32	w15.12,
chr2L	19482291-19482291	1	0	cs13.8,
chr2L	19582076-19582077	1	1	w15.12,
chr2L	19625944-19626087	1	143	cs13.8,
chr2L	19675972-19675972	1	0	w12.4,
chr2L	19676778-19676778	1	0	w12.4,
chr2L	19816702-19816702	1	0	w12.4,
chr2L	19822539-19833657	1	11118	w12.4,
chr2L	19830653-19830675	1	22	w15.10,
chr2L	19882149-19882149	1	0	cs13.14,
chr2L	19918033-19918033	1	0	cs13.8,
chr2L	19926178-19926309	1	131	w12.4,
chr2L	20337554-20337580	1	26	w12.4,
chr2L	20418518-20418522	1	4	cs14.2,
chr2L	20495869-20495869	1	0	cs13.13,
chr2L	20556913-20556913	1	0	cs14.2,
chr2L	20584065-20584065	1	0	w12.4,
chr2L	20650022-20650080	1	58	w12.1,
chr2L	21713675-21713675	1	0	w12.4,
chr2L	21842501-21842501	1	0	w12.4,
chr2L	21852854-21852874	1	20	cs13.2,
chr2L	21886089-21886089	1	0	cs13.8,
chr2L	22034008-22034008	1	0	w12.4,
chr2L	22066804-22066804	1	0	cs13.1,
chr2L	22085984-22086036	1	52	w12.4,
chr2L	22137741-22137741	1	0	w11.11,
chr2L	22514294-22531817	1	17523	w12.7,
chr2L	22532064-22532222	1	158	cs13.1,
chr2L	22532065-22532222	1	157	w11.4,
chr2L	22532083-22532084	1	1	w15.12,
chr2L	22532083-22532222	1	139	cs14.2,
chr2L	22532714-22779781	1	247067	w12.7,
chr2L	22532714-22725297	1	192583	w13.8,
chr2L	22726094-22726094	2	0	w11.3,w15.4,
chr2L	22948921-22948926	2	5	cs13.13,cs14.10,
chr2R	946463-4478513	1	3532050	w15.13,
chr2R	3515259-4518058	1	1002799	w12.4,
chr2R	4115753-4115753	1	0	w13.7,
chr2R	4115803-4115803	12	0	cs12.3,cs12.5,cs12.7,cs12.8,cs13.7,cs14.1,cs14.11,cs14.2,w11.1,w11.13,w11.3,w15.4,
chr2R	4500329-4500822	1	493	cs12.10,
chr2R	4500329-4500329	4	0	cs13.1,cs13.9,cs14.11,w11.2,
chr2R	4500822-4500822	11	0	cs13.4,w11.4,w11.7,w12.10,w12.2,w12.7,w13.4,w15.1,w15.12,w15.4,w15.9,
chr2R	4500855-4500855	1	0	w12.6,
chr2R	4503427-4675594	1	172167	w15.13,
chr2R	4685028-4685040	1	12	w13.9,
chr2R	4692085-4971667	1	279582	w15.13,
chr2R	4849851-4849852	15	1	cs12.5,cs13.1,cs13.11,cs13.13,cs13.3,cs13.4,cs13.7,cs14.11,w11.2,w11.5,w11.8,w12.7,w13.7,w13.9,w15.9,
chr2R	4849851-4849851	2	0	cs12.6,w11.1,
chr2R	4849851-4850688	1	837	cs13.2,
chr2R	4849852-4849852	1	0	cs13.8,
chr2R	4850688-4850688	19	0	cs12.10,cs12.3,cs12.5,cs12.7,cs13.11,cs13.8,cs14.4,cs14.8,w11.11,w11.13,w11.3,w11.4,w11.5,w11.7,w12.2,w12.7,w13.6,w13.8,w13.9,
chr2R	4859974-4859984	3	10	cs14.2,cs14.8,w12.2,
chr2R	4940185-4940185	1	0	cs13.8,
chr2R	5208458-5208458	1	0	w11.6,
chr2R	5208458-5208460	16	2	cs12.4,cs12.7,cs13.14,cs13.3,cs13.6,cs13.8,cs14.1,cs14.4,cs14.8,w11.13,w11.5,w12.2,w12.6,w13.6,w15.1,w15.10,
chr2R	5208460-5208460	1	0	cs12.14,
chr2R	5211005-5211005	1	0	cs13.2,
chr2R	5770645-5770949	1	304	w12.3,
chr2R	6437569-6437569	4	0	w11.10,w12.1,w15.6,w15.7,
chr2R	6529429-6529429	1	0	cs12.9,
chr2R	7026202-7026202	1	0	w15.5,
chr2R	7190207-7190207	1	0	cs14.7,
chr2R	7205831-7205831	1	0	w11.8,
chr2R	7323622-7361626	1	38004	w12.4,
chr2R	7399211-7400262	1	1051	cs13.6,
chr2R	7439571-7439771	1	200	w11.4,
chr2R	7514177-7514534	1	357	w11.1,
chr2R	7598494-7598494	1	0	cs12.8,
chr2R	7774590-7774591	1	1	cs13.2,
chr2R	7899140-7899141	1	1	w12.10,
chr2R	7945395-7945396	1	1	w12.12,
chr2R	8206817-8208956	1	2139	w12.4,
chr2R	8209099-8224979	1	15880	w12.4,
chr2R	8212292-8212292	1	0	cs12.5,
chr2R	8232884-8232884	1	0	cs13.8,
chr2R	8233350-8320381	1	87031	w12.4,
chr2R	8342340-8342497	1	157	w12.4,
chr2R	8590771-8590798	1	27	cs12.5,
chr2R	8590879-8590880	1	1	w15.11,
chr2R	9253598-9329279	1	75681	w12.4,
chr2R	9342730-9342730	1	0	w15.1,
chr2R	9631478-9631478	1	0	cs13.16,
chr2R	9781245-9781362	1	117	w11.12,
chr2R	9806431-9806431	2	0	cs13.8,w15.11,
chr2R	10167163-10168610	1	1447	w13.11,
chr2R	10168463-10168610	2	147	w12.13,w13.2,
chr2R	10168610-10168610	1	0	w11.10,
chr2R	10357447-10357476	1	29	cs13.18,
chr2R	10358217-10358217	1	0	cs13.8,
chr2R	10550984-10550984	1	0	cs13.14,
chr2R	10566192-10566192	1	0	w15.2,
chr2R	10642562-10642562	1	0	cs13.8,
chr2R	10907387-10907406	1	19	w13.8,
chr2R	10922704-10922732	1	28	w12.6,
chr2R	10967228-10967266	1	38	cs14.13,
chr2R	11038805-11038805	1	0	w13.4,
chr2R	11059289-11059770	1	481	cs12.10,
chr2R	11092822-11092822	1	0	w15.9,
chr2R	11117206-11117267	1	61	cs14.1,
chr2R	11117258-11117266	1	8	w15.9,
chr2R	11243438-11243486	1	48	w15.4,
chr2R	11296222-11296222	1	0	cs13.8,
chr2R	11381097-11381097	1	0	cs13.8,
chr2R	11431733-11431733	5	0	w11.1,w11.12,w11.13,w11.4,w11.5,
chr2R	11493118-11493133	1	15	cs13.4,
chr2R	11493120-11493137	1	17	cs12.14,
chr2R	11493126-11493140	2	14	cs14.2,w15.11,
chr2R	11539329-11539331	1	2	cs12.10,
chr2R	11541981-11541981	3	0	cs12.8,cs14.8,w11.3,
chr2R	11541981-11542012	1	31	w11.1,
chr2R	11621139-11621355	1	216	cs14.8,
chr2R	11739789-11739789	2	0	cs12.10,cs13.8,
chr2R	11740596-11763232	1	22636	w15.13,
chr2R	11742714-11873270	1	130556	w12.4,
chr2R	11801844-11801848	1	4	cs13.2,
chr2R	11861117-11861903	1	786	cs14.11,
chr2R	11878722-11968705	1	89983	w12.4,
chr2R	11925627-11925627	1	0	w13.7,
chr2R	11955464-11955465	1	1	cs13.8,
chr2R	11977445-11990796	1	13351	w12.4,
chr2R	12006887-12007016	1	129	w13.11,
chr2R	12074335-12074335	1	0	cs14.1,
chr2R	12125540-12125540	1	0	cs13.8,
chr2R	12223585-12223676	2	91	w13.7,w15.11,
chr2R	12223585-12223599	1	14	cs13.6,
chr2R	12223588-12223676	1	88	cs13.7,
chr2R	12223590-12223676	1	86	cs13.14,
chr2R	12223599-12223676	7	77	cs12.14,cs12.5,cs12.8,cs13.4,w11.11,w11.7,w12.7,
chr2R	12223599-12223652	1	53	w11.3,
chr2R	12223599-12223599	24	0	cs12.10,cs12.4,cs12.6,cs14.1,cs14.11,cs14.2,cs14.4,cs14.8,w11.1,w11.13,w11.2,w11.4,w11.5,w11.8,w12.10,w12.2,w12.6,w13.4,w13.6,w13.8,w15.1,w15.10,w15.12,w15.4,
chr2R	12223676-12223676	1	0	w11.6,
chr2R	12225995-12232677	1	6682	w12.4,
chr2R	12234749-12277544	1	42795	w12.4,
chr2R	12240471-12240471	1	0	cs12.10,
chr2R	12277771-12531659	1	253888	w12.4,
chr2R	12400593-12400748	1	155	w13.4,
chr2R	12532758-12532762	1	4	cs14.4,
chr2R	12532866-12532866	1	0	w12.4,
chr2R	12542789-12542797	1	8	cs12.3,
chr2R	12603566-12603567	20	1	cs12.3,cs12.5,cs12.6,cs12.7,cs12.8,cs13.2,cs13.3,cs14.4,w11.13,w11.2,w11.3,w11.4,w11.6,w11.8,w12.10,w12.4,w13.4,w13.7,w13.8,w15.1,
chr2R	12603567-12603567	4	0	cs13.7,cs14.2,w11.5,w13.6,
chr2R	12613088-12613088	1	0	cs13.4,
chr2R	12647073-12647075	1	2	w11.11,
chr2R	12697269-12697269	1	0	w12.4,
chr2R	12698237-12698476	1	239	cs12.16,
chr2R	12701601-12701601	1	0	cs13.14,
chr2R	12774410-12774410	5	0	cs12.7,cs13.8,cs14.4,w11.2,w11.3,
chr2R	12852145-12852145	3	0	cs12.14,cs13.11,w13.4,
chr2R	12852145-12852165	5	20	cs12.3,cs12.7,cs14.11,w11.6,w12.4,
chr2R	12852165-12852165	3	0	cs12.8,cs13.8,cs14.4,
chr2R	12890102-12890102	1	0	cs13.11,
chr2R	12891357-12891363	1	6	cs13.4,
chr2R	12940104-12940106	1	2	w12.4,
chr2R	13035310-13035344	1	34	cs12.6,
chr2R	13049454-13049454	1	0	cs13.4,
chr2R	13052319-13052343	1	24	w12.2,
chr2R	13052330-13052343	1	13	cs12.8,
chr2R	13052332-13052343	2	11	cs12.14,w12.7,
chr2R	13052337-13052343	1	6	cs14.4,
chr2R	13072877-13072877	1	0	cs12.6,
chr2R	13100518-13104083	1	3565	w12.4,
chr2R	13100518-13102028	1	1510	w11.11,
chr2R	13100518-13100518	5	0	cs12.10,cs13.2,w11.2,w11.5,w13.8,
chr2R	13110813-13110840	5	27	cs12.4,cs12.8,cs14.11,cs14.8,w12.7,
chr2R	13110813-13114193	1	3380	w15.4,
chr2R	13110840-13110840	3	0	cs12.5,w11.3,w11.4,
chr2R	13110840-13112205	1	1365	w13.4,
chr2R	13112203-13114193	1	1990	w11.7,
chr2R	13112203-13112205	2	2	cs12.10,w11.1,
chr2R	13112205-13112205	1	0	w11.13,
chr2R	13114193-13114193	2	0	cs14.2,w15.11,
chr2R	13172969-13172969	1	0	w12.4,
chr2R	13238439-13238439	1	0	cs13.2,
chr2R	13257610-13257614	1	4	cs14.8,
chr2R	13259757-13259757	20	0	cs12.10,cs12.4,cs12.6,cs12.8,cs13.3,cs13.7,cs13.8,cs14.11,cs14.2,w11.1,w11.2,w11.8,w12.10,w12.2,w12.6,w13.7,w13.8,w15.1,w15.11,w15.4,
chr2R	13281191-13281255	1	64	w12.4,
chr2R	13369625-13369628	1	3	cs13.4,
chr2R	13393437-13393466	1	29	w15.11,
chr2R	13393446-13393466	1	20	cs12.7,
chr2R	13450436-13450436	1	0	cs13.8,
chr2R	13571664-13571681	1	17	w12.4,
chr2R	13579377-13579379	1	2	w12.4,
chr2R	13611755-13611755	4	0	cs14.1,cs14.2,w11.1,w11.13,
chr2R	13622451-13623415	1	964	cs14.4,
chr2R	13629163-13629163	1	0	cs13.8,
chr2R	13700703-13700703	1	0	w12.2,
chr2R	13706343-13706346	3	3	cs12.3,cs13.14,w15.11,
chr2R	13706346-13706346	1	0	cs14.4,
chr2R	13810692-13810692	1	0	cs13.11,
chr2R	13836731-13836731	1	0	w12.4,
chr2R	13855790-13855790	1	0	w12.4,
chr2R	13945412-13945412	2	0	cs12.14,cs13.4,
chr2R	14035389-14035389	1	0	w13.4,
chr2R	14052919-14052921	1	2	cs12.7,
chr2R	14111170-14111170	2	0	cs13.4,w11.2,
chr2R	14189052-14189052	7	0	cs12.3,cs12.8,cs13.14,cs14.1,cs14.4,w15.1,w15.10,
chr2R	14427085-14427088	1	3	w13.6,
chr2R	14434283-14434597	1	314	cs14.1,
chr2R	14434283-14434327	1	44	cs13.4,
chr2R	14434283-14434296	13	13	cs12.14,cs12.7,cs13.14,cs13.8,cs14.2,w11.4,w11.6,w11.7,w11.8,w12.6,w15.10,w15.11,w15.4,
chr2R	14434296-14434296	1	0	w12.2,
chr2R	14434296-14434597	1	301	cs14.8,
chr2R	14443897-14443899	1	2	cs12.14,
chr2R	14443925-14443927	1	2	w12.4,
chr2R	14477194-14477731	1	537	w12.4,
chr2R	14657626-14657633	1	7	w12.4,
chr2R	14698324-14702040	1	3716	w12.4,
chr2R	14707461-14707461	1	0	w15.2,
chr2R	14710978-14711007	1	29	w12.4,
chr2R	14721807-14721807	1	0	w12.4,
chr2R	14732778-14732778	1	0	w11.13,
chr2R	14742972-14743008	1	36	w12.4,
chr2R	14744101-14746518	1	2417	w12.4,
chr2R	14745718-14745726	34	8	cs12.10,cs12.14,cs12.3,cs12.4,cs13.11,cs13.14,cs13.3,cs13.4,cs13.6,cs13.7,cs13.8,cs14.1,cs14.11,w11.1,w11.11,w11.2,w11.3,w11.4,w11.5,w11.6,w11.7,w11.8,w12.10,w12.2,w12.6,w12.7,w13.6,w13.7,w13.8,w15.1,w15.10,w15.11,w15.12,w15.4,
chr2R	14748027-14748030	1	3	w11.1,
chr2R	14779197-14789226	1	10029	w12.4,
chr2R	14787970-14787970	1	0	cs12.10,
chr2R	14801187-14801196	1	9	w12.7,
chr2R	14801206-14801214	1	8	w12.4,
chr2R	14842390-14842432	1	42	w15.10,
chr2R	14876169-14876184	1	15	cs13.8,
chr2R	14876173-14876184	1	11	cs12.5,
chr2R	14876173-14876173	1	0	w12.4,
chr2R	14919821-14919821	1	0	cs13.6,
chr2R	14924125-14924133	1	8	cs14.8,
chr2R	14976687-14976689	1	2	cs12.3,
chr2R	15001259-15007154	1	5895	w12.4,
chr2R	15024428-15160969	1	136541	w12.4,
chr2R	15053719-15053742	1	23	cs13.8,
chr2R	15063119-15063119	1	0	w13.8,
chr2R	15064685-15064685	8	0	cs12.12,cs12.2,cs13.10,cs13.16,cs13.18,cs14.13,cs14.3,cs14.9,
chr2R	15227307-15227307	2	0	cs12.3,cs12.6,
chr2R	15227609-15227609	1	0	cs13.8,
chr2R	15229601-15229601	2	0	cs13.6,w11.4,
chr2R	15229601-15229627	1	26	cs14.4,
chr2R	15229601-15229613	4	12	cs14.11,w11.1,w13.4,w13.8,
chr2R	15229601-15229633	3	32	cs12.8,w12.2,w15.1,
chr2R	15229613-15229613	3	0	cs13.4,w11.6,w11.8,
chr2R	15229613-15229624	1	11	cs14.2,
chr2R	15231184-15231222	1	38	w11.3,
chr2R	15288696-15288709	1	13	cs14.7,
chr2R	15289347-15289347	1	0	cs13.2,
chr2R	15374759-15374763	1	4	w15.12,
chr2R	15412050-15412073	1	23	cs14.8,
chr2R	15466391-15466393	1	2	cs13.8,
chr2R	15485764-15485807	2	43	w11.5,w15.9,
chr2R	15588769-15588769	2	0	w11.2,w13.4,
chr2R	15593925-15593979	1	54	w13.7,
chr2R	15600230-15795836	1	195606	w12.4,
chr2R	15602510-15602510	1	0	cs14.1,
chr2R	15716495-15716495	1	0	w13.7,
chr2R	15736196-15736196	1	0	cs13.10,
chr2R	15799102-15900858	1	101756	w12.4,
chr2R	15881960-15881975	1	15	cs13.8,
chr2R	15914640-16088550	1	173910	w12.4,
chr2R	15963212-15964780	1	1568	w15.4,
chr2R	16067762-16067762	1	0	cs13.11,
chr2R	16095915-16095924	1	9	w15.4,
chr2R	16173294-16173294	1	0	cs13.14,
chr2R	16188290-16188296	1	6	cs13.14,
chr2R	16188293-16188296	1	3	w13.8,
chr2R	16209728-16209728	1	0	w13.1,
chr2R	16211887-16211910	1	23	cs12.5,
chr2R	16248511-16248511	1	0	w11.3,
chr2R	16264486-16338828	1	74342	w12.4,
chr2R	16289089-16289089	1	0	w11.5,
chr2R	16293904-16293910	1	6	w11.1,
chr2R	16350973-16362844	1	11871	w12.4,
chr2R	16355460-16355477	1	17	cs13.8,
chr2R	16365176-16437659	1	72483	w12.4,
chr2R	16383110-16383351	1	241	cs14.2,
chr2R	16386167-16386191	1	24	cs13.8,
chr2R	16392135-16392135	1	0	w12.10,
chr2R	16431362-16431362	1	0	cs12.10,
chr2R	16443784-16464263	1	20479	w12.4,
chr2R	16468335-16497207	1	28872	w12.4,
chr2R	16643354-16643359	2	5	w11.7,w12.6,
chr2R	16675884-16675911	1	27	w11.8,
chr2R	16675884-16675919	1	35	cs13.7,
chr2R	16675887-16675911	1	24	cs13.3,
chr2R	16675909-16675944	1	35	cs14.8,
chr2R	16675909-16675909	1	0	cs13.4,
chr2R	16675909-16675919	2	10	w12.2,w15.11,
chr2R	16675919-16675919	1	0	cs12.14,
chr2R	16700315-16700350	1	35	cs13.2,
chr2R	17162582-17162680	1	98	w15.6,
chr2R	17200588-17200590	1	2	w12.2,
chr2R	17259328-17259328	1	0	w13.6,
chr2R	17308400-17308400	1	0	cs14.2,
chr2R	17387308-17387323	1	15	w11.2,
chr2R	17450207-17450272	2	65	cs13.2,w11.2,
chr2R	17450272-17450909	1	637	cs14.4,
chr2R	17450272-17450272	21	0	cs12.10,cs12.14,cs12.3,cs12.8,cs13.11,cs13.14,cs13.3,cs13.6,cs14.1,cs14.11,cs14.2,w11.1,w11.13,w11.3,w11.4,w11.5,w11.7,w12.10,w12.6,w13.8,w15.10,
chr2R	17501790-17501794	1	4	w11.8,
chr2R	17619877-17619877	3	0	w11.3,w12.10,w15.9,
chr2R	17625563-17648970	1	23407	w12.4,
chr2R	17669852-17747958	1	78106	w12.4,
chr2R	17749937-17773596	1	23659	w12.4,
chr2R	17777293-17875289	1	97996	w12.4,
chr2R	17831560-17831564	1	4	cs12.14,
chr2R	17835085-17835085	1	0	cs12.6,
chr2R	17854242-17854242	1	0	w13.4,
chr2R	17864701-17864707	1	6	cs14.7,
chr2R	17876437-17880476	1	4039	w12.4,
chr2R	17885465-17894615	1	9150	w12.4,
chr2R	17892978-17892978	1	0	w13.4,
chr2R	17899568-17899568	1	0	w12.4,
chr2R	17927013-17927016	1	3	cs14.11,
chr2R	18008401-18008401	1	0	w12.4,
chr2R	18055845-18057813	1	1968	w12.4,
chr2R	18055845-18055845	19	0	cs12.14,cs12.4,cs12.5,cs13.14,cs13.2,cs13.4,cs13.7,cs13.8,cs14.1,cs14.11,w11.2,w11.3,w11.4,w11.7,w12.10,w13.4,w13.6,w15.12,w15.4,
chr2R	18055845-18055887	2	42	cs14.8,w15.1,
chr2R	18079024-18079033	3	9	cs13.7,cs14.8,w13.8,
chr2R	18143939-18143939	2	0	cs12.11,cs14.3,
chr2R	18145031-18145031	4	0	cs12.11,cs12.13,cs12.16,cs12.18,
chr2R	18188377-18188449	1	72	w12.4,
chr2R	18234649-18234706	1	57	w12.4,
chr2R	18273082-18273334	1	252	w13.11,
chr2R	18273550-18273550	1	0	w11.1,
chr2R	18314359-18314369	1	10	cs12.5,
chr2R	18314360-18314369	1	9	w11.8,
chr2R	18328927-18328927	1	0	w12.4,
chr2R	18382176-18382178	1	2	w13.4,
chr2R	18395360-18395360	1	0	cs14.2,
chr2R	18570415-18570419	1	4	cs12.6,
chr2R	18570618-18570618	1	0	w12.4,
chr2R	18590475-18590512	1	37	w15.9,
chr2R	18607838-18607838	1	0	w12.4,
chr2R	18927334-18934000	1	6666	w12.4,
chr2R	19020491-19020544	7	53	cs12.4,cs13.2,cs13.3,cs13.8,w13.8,w15.4,w15.9,
chr2R	19020544-19020544	2	0	cs12.14,w12.4,
chr2R	19078626-19078632	1	6	w12.4,
chr2R	19128021-19128067	7	46	cs12.10,cs12.14,cs12.4,cs13.4,cs13.6,w12.4,w15.9,
chr2R	19128022-19128067	2	45	cs13.14,cs13.8,
chr2R	19128065-19128067	12	2	cs12.3,cs12.6,cs12.8,cs13.11,cs13.2,cs14.1,w11.13,w11.2,w11.8,w12.7,w13.6,w15.10,
chr2R	19128065-19128083	1	18	cs14.11,
chr2R	19128067-19128067	1	0	w13.8,
chr2R	19172858-19172858	1	0	w12.4,
chr2R	19197563-19197563	1	0	cs13.2,
chr2R	19216637-19216679	2	42	cs13.14,w11.5,
chr2R	19216643-19216692	1	49	cs12.10,
chr2R	19216643-19216679	1	36	cs13.6,
chr2R	19216692-19216692	1	0	cs13.8,
chr2R	19244485-19244485	1	0	cs13.8,
chr2R	19244750-19244750	1	0	w12.4,
chr2R	19534106-19534106	1	0	w12.4,
chr2R	19535045-19535045	2	0	w11.5,w15.1,
chr2R	19693382-19693382	1	0	w12.4,
chr2R	19847474-19856524	1	9050	w12.4,
chr2R	19856584-19856597	3	13	cs13.4,cs13.7,w11.13,
chr2R	19873919-19873919	1	0	w11.7,
chr2R	19880948-19880950	4	2	cs13.3,cs14.2,w15.1,w15.12,
chr2R	19937579-19937594	1	15	w12.4,
chr2R	19973859-19973871	1	12	w15.9,
chr2R	20079811-20079811	1	0	w11.2,
chr2R	20080586-20080586	1	0	w11.7,
chr2R	20145998-20145998	2	0	cs13.3,w11.7,
chr2R	20215812-20215816	1	4	cs12.5,
chr2R	20227467-20227469	1	2	w12.4,
chr2R	20240780-20240822	12	42	cs12.4,cs13.2,cs13.3,cs13.4,cs13.7,cs13.8,cs14.1,w11.5,w11.7,w12.7,w15.1,w15.12,
chr2R	20240785-20240822	1	37	w11.4,
chr2R	20240809-20240822	2	13	cs12.8,w11.13,
chr2R	20240811-20240822	1	11	cs12.5,
chr2R	20275556-20275556	1	0	w12.4,
chr2R	20289251-20289251	1	0	w12.4,
chr2R	20337207-20337207	1	0	cs13.7,
chr2R	20342487-20342487	6	0	cs12.10,cs12.6,cs13.2,w11.3,w12.10,w12.7,
chr2R	20430005-20431004	1	999	w12.4,
chr2R	20462902-20465443	1	2541	w12.4,
chr2R	20483335-20509286	1	25951	w12.4,
chr2R	20553540-20553540	1	0	cs13.4,
chr2R	20695150-20695150	1	0	w13.6,
chr2R	20768343-20855984	1	87641	w12.4,
chr2R	20778177-20778182	17	5	cs12.6,cs12.8,cs13.11,cs13.3,cs13.4,cs13.8,cs14.11,w11.1,w11.13,w11.7,w11.8,w12.10,w15.1,w15.10,w15.12,w15.4,w15.9,
chr2R	20778177-20778177	1	0	w11.4,
chr2R	20778178-20778182	2	4	cs13.14,cs14.8,
chr2R	20778182-20778182	1	0	w11.5,
chr2R	20866535-20870526	1	3991	w12.4,
chr2R	20871044-20871052	1	8	cs13.8,
chr2R	20871048-20871052	4	4	w11.4,w12.10,w12.7,w15.12,
chr2R	20871052-20871052	3	0	cs12.10,cs13.11,cs14.11,
chr2R	20872681-20938977	1	66296	w12.4,
chr2R	20895286-20895286	12	0	cs12.10,cs12.3,cs12.6,cs12.8,cs13.3,cs13.6,cs14.11,w11.3,w15.10,w15.12,w15.4,w15.9,
chr2R	20942548-20942548	1	0	w12.4,
chr2R	20952652-21025078	1	72426	w12.4,
chr2R	20967591-20967591	1	0	cs13.6,
chr2R	21029817-21029830	2	13	w11.13,w15.4,
chr2R	21030214-21033241	1	3027	w13.10,
chr2R	21033471-21033471	1	0	cs12.6,
chr2R	21097136-21097145	1	9	cs12.6,
chr2R	21121434-21171511	1	50077	w12.4,
chr2R	21173898-21205479	1	31581	w12.4,
chr2R	21182950-21182950	1	0	w11.4,
chr2R	21211784-21249742	1	37958	w12.4,
chr2R	21214716-21214717	3	1	cs14.8,w12.10,w15.10,
chr2R	21251322-21251351	2	29	cs13.7,cs14.2,
chr2R	21251673-21305732	1	54059	w12.4,
chr2R	21318622-21369186	1	50564	w12.4,
chr2R	21349863-21349863	1	0	w15.10,
chr2R	21470653-21470653	31	0	cs12.10,cs12.3,cs12.4,cs12.5,cs12.6,cs12.8,cs13.11,cs13.14,cs13.2,cs13.3,cs13.4,cs13.6,cs13.7,cs13.8,cs14.1,cs14.2,cs14.8,w11.1,w11.13,w11.2,w11.5,w11.7,w11.8,w12.10,w12.2,w12.7,w13.6,w15.1,w15.10,w15.4,w15.9,
chr2R	21470839-21472286	1	1447	cs12.17,
chr2R	21470839-21472218	1	1379	w15.6,
chr2R	21470839-21472592	2	1753	w12.1,w15.5,
chr2R	21470842-21472286	1	1444	cs13.17,
chr2R	21471092-21472218	1	1126	w13.11,
chr2R	21471092-21472592	2	1500	cs13.18,w13.5,
chr2R	21472741-21472749	12	8	cs12.10,cs12.8,cs13.2,cs13.3,cs14.2,w11.1,w11.5,w12.7,w13.6,w13.8,w15.1,w15.10,
chr2R	21472749-21472749	2	0	cs13.6,w11.4,
chr2R	21472950-21477219	1	4269	w13.5,
chr2R	21477681-21477681	1	0	w15.1,
chr2R	21519159-21519159	10	0	cs12.10,cs13.11,cs13.6,cs14.8,w11.13,w11.3,w12.10,w13.6,w13.8,w15.1,
chr2R	21705719-21705734	2	15	cs14.2,w11.13,
chr2R	21705732-21705738	1	6	w15.7,
chr2R	21720069-21720077	1	8	cs14.2,
chr2R	21727064-21727068	1	4	cs13.7,
chr2R	22575235-22575235	1	0	cs13.14,
chr2R	22595422-22595422	2	0	cs12.3,w11.3,
chr2R	22595422-22595474	1	52	w11.2,
chr2R	22595474-22595474	2	0	cs13.3,cs13.7,
chr2R	22618085-22618085	2	0	cs13.6,w13.8,
chr2R	22651271-22651271	1	0	w13.8,
chr2R	22651307-22651307	2	0	w12.2,w15.10,
chr2R	22651307-22651322	5	15	cs12.8,cs13.11,cs14.8,w12.7,w13.6,
chr2R	22651322-22651322	2	0	cs13.6,w15.1,
chr2R	22651707-22662253	3	10546	cs13.10,w13.10,w13.11,
chr2R	22651826-22662046	1	10220	cs12.9,
chr2R	22662301-22662301	20	0	cs12.10,cs12.3,cs12.4,cs12.6,cs12.8,cs13.11,cs13.14,cs13.2,cs13.3,cs13.8,cs14.1,cs14.2,cs14.8,w11.1,w11.2,w11.3,w11.4,w11.7,w11.8,w13.8,
chr2R	22679816-22679816	1	0	w15.1,
chr2R	22683970-22683972	1	2	cs13.14,
chr2R	22684558-22684558	10	0	cs13.6,cs13.7,w12.10,w12.2,w12.4,w12.7,w15.1,w15.10,w15.4,w15.9,
chr2R	22684955-22684955	1	0	cs14.1,
chr2R	22754781-22754781	1	0	w12.4,
chr2R	22808622-22808622	3	0	cs12.10,w11.13,w13.8,
chr2R	22811644-22815659	1	4015	w12.4,
chr2R	22833398-22833401	7	3	cs13.6,w12.10,w12.2,w12.7,w15.1,w15.4,w15.9,
chr2R	22833770-22835062	1	1292	w15.5,
chr2R	22833770-22833779	3	9	cs13.12,w12.1,w15.3,
chr2R	22833779-22835159	2	1380	w12.3,w15.6,
chr2R	22835644-22835644	8	0	cs13.6,cs13.7,w12.10,w12.2,w12.7,w15.1,w15.10,w15.9,
chr2R	22845681-22845685	1	4	cs12.3,
chr2R	22852440-22852440	1	0	w12.4,
chr2R	22891110-22891110	1	0	w12.4,
chr2R	22903581-22903581	7	0	cs13.6,cs13.7,w12.10,w12.2,w12.7,w15.1,w15.10,
chr2R	22903656-22908392	4	4736	cs13.12,w12.3,w12.9,w15.6,
chr2R	22903656-22907305	1	3649	w15.3,
chr2R	22908503-22908503	9	0	cs13.6,cs13.7,w12.10,w12.2,w12.7,w15.1,w15.10,w15.4,w15.9,
chr2R	23187351-23187351	6	0	cs13.6,cs13.7,w15.1,w15.10,w15.4,w15.9,
chr2R	23187414-23223699	1	36285	w15.3,
chr2R	23187414-23224060	2	36646	w15.5,w15.6,
chr2R	23188543-23224060	1	35517	cs13.12,
chr2R	23225679-23225679	6	0	cs13.6,cs13.7,w15.1,w15.10,w15.4,w15.9,
chr2R	23225956-23237352	2	11396	w15.3,w15.5,
chr2R	23226075-23237352	1	11277	cs13.12,
chr2R	23228140-23237352	1	9212	w15.6,
chr2R	23237527-23237531	3	4	cs13.6,cs13.7,w15.10,
chr2R	23238971-23250147	1	11176	cs13.12,
chr2R	23238971-23251169	2	12198	w15.5,w15.6,
chr2R	23238971-23248396	1	9425	w15.3,
chr2R	23240948-23242414	1	1466	w11.7,
chr2R	23240948-23240949	17	1	cs12.10,cs12.4,cs12.6,cs12.8,cs13.11,cs13.14,cs13.2,cs13.3,cs13.8,cs14.1,w11.13,w11.2,w11.3,w11.8,w12.2,w12.7,w13.8,
chr2R	23240948-23240948	1	0	cs14.2,
chr2R	23240948-23241311	1	363	w12.4,
chr2R	23240949-23240949	1	0	cs12.3,
chr2R	23241311-23262596	1	21285	w12.1,
chr2R	23241311-23251147	5	9836	cs12.9,cs13.10,cs14.13,w13.10,w13.2,
chr2R	23241373-23262680	1	21307	cs13.15,
chr2R	23241450-23250557	1	9107	w13.5,
chr2R	23241450-23251147	1	9697	w13.11,
chr2R	23249333-23251169	1	1836	w15.3,
chr2R	23251168-23251169	15	1	cs12.10,cs12.3,cs12.4,cs12.6,cs12.8,cs13.14,cs14.8,w11.13,w11.2,w11.3,w11.7,w12.10,w12.2,w12.7,w13.8,
chr2R	23251168-23251182	1	14	cs13.8,
chr2R	23251179-23262672	1	11493	w13.10,
chr2R	23251179-23251182	6	3	cs13.6,cs13.7,w15.1,w15.10,w15.4,w15.9,
chr2R	23251179-23261531	1	10352	w13.11,
chr2R	23251686-23262680	4	10994	cs12.17,cs12.9,cs14.5,w13.2,
chr2R	23251791-23261353	1	9562	w13.5,
chr2R	23253499-23262680	1	9181	cs14.13,
chr2R	23253949-23262596	1	8647	w12.9,
chr2R	23253949-23262680	2	8731	cs13.10,w12.3,
chr2R	23262981-23262983	32	2	cs12.10,cs12.3,cs12.4,cs12.6,cs12.8,cs13.11,cs13.14,cs13.16,cs13.17,cs13.2,cs13.3,cs13.5,cs13.8,cs14.1,cs14.10,cs14.12,cs14.2,cs14.3,cs14.6,cs14.7,cs14.8,cs14.9,w11.13,w11.2,w11.3,w11.7,w11.8,w12.10,w12.2,w12.4,w12.7,w13.8,
chr2R	23263598-23295455	1	31857	cs13.18,
chr2R	23264377-23295240	1	30863	w13.11,
chr2R	23295085-23295455	1	370	cs13.15,
chr2R	23295485-23295485	18	0	cs12.10,cs12.3,cs12.4,cs12.6,cs12.8,cs13.14,cs13.3,cs14.2,cs14.8,w11.13,w11.2,w11.3,w11.7,w11.8,w12.10,w12.2,w12.7,w13.8,
chr2R	23369217-23369217	1	0	w13.13,
chr2R	23402650-23402650	2	0	cs13.7,w15.9,
chr2R	23407960-23411047	1	3087	w15.5,
chr2R	23408206-23408208	16	2	cs12.10,cs12.4,cs12.6,cs12.8,cs13.2,cs13.8,cs14.2,cs14.8,w11.13,w11.2,w11.3,w11.7,w11.8,w12.10,w12.2,w13.8,
chr2R	23408208-23408208	1	0	cs12.3,
chr2R	23411120-23411120	6	0	cs13.6,cs13.7,w15.1,w15.10,w15.4,w15.9,
chr2R	23483566-23483566	1	0	w11.3,
chr2R	23501135-23501135	1	0	w12.4,
chr2R	23610499-23610621	1	122	cs13.16,
chr2R	23634275-23634275	1	0	w15.4,
chr2R	23638846-23638934	1	88	w12.4,
chr2R	23658929-23658929	1	0	w13.8,
chr2R	23710494-23710494	8	0	cs12.10,cs12.8,cs13.6,cs13.7,w15.1,w15.10,w15.4,w15.9,
chr2R	23711069-23726652	3	15583	w15.3,w15.5,w15.6,
chr2R	23724141-23724148	1	7	w15.10,
chr2R	23726704-23726709	8	5	cs12.10,cs12.8,cs13.6,cs13.7,w15.1,w15.10,w15.4,w15.9,
chr2R	23726724-23748546	4	21822	cs13.12,w15.3,w15.5,w15.6,
chr2R	23726988-23748546	1	21558	cs12.17,
chr2R	23749925-23750595	7	670	cs12.8,cs13.6,cs13.7,w15.1,w15.10,w15.4,w15.9,
chr2R	23749935-23750595	1	660	cs12.10,
chr2R	23750369-23750369	1	0	cs13.4,
chr2R	24328078-24328078	3	0	w11.13,w13.8,w15.10,
chr2R	24336953-24336962	12	9	cs13.6,cs13.7,cs14.1,cs14.2,cs14.8,w11.13,w11.2,w11.7,w11.8,w12.10,w12.2,w13.8,
chr2R	24336962-24336962	2	0	cs13.4,w11.3,
chr2R	24338895-24364124	4	25229	cs13.12,cs14.13,w12.9,w13.5,
chr2R	24339035-24364124	4	25089	w12.1,w12.3,w13.1,w13.10,
chr2R	24339035-24351854	1	12819	w13.11,
chr2R	24350310-24350585	1	275	w12.11,
chr2R	24364497-24364497	11	0	cs13.6,cs13.7,cs14.8,w11.13,w11.2,w11.3,w11.7,w11.8,w12.10,w12.2,w13.8,
chr2R	24690188-24690188	1	0	cs13.11,
chr2R	24719846-24719846	12	0	cs13.4,cs13.6,cs13.7,cs14.1,cs14.2,cs14.8,w11.13,w11.3,w11.7,w11.8,w12.10,w12.2,
chr2R	25104833-25104833	12	0	cs12.10,cs12.3,cs12.4,cs12.6,cs12.8,cs13.11,cs13.2,cs13.8,w15.1,w15.10,w15.4,w15.9,
chr2R	25105165-25111830	1	6665	cs13.15,
chr2R	25105165-25112760	4	7595	cs12.15,cs12.17,w15.3,w15.5,
chr2R	25105165-25112416	1	7251	cs13.18,
chr2R	25106390-25112760	3	6370	cs12.9,cs13.10,w15.6,
chr2R	25112856-25112859	10	3	cs12.10,cs12.3,cs12.6,cs12.8,cs13.11,cs13.2,w15.1,w15.10,w15.4,w15.9,
chr2R	25116438-25116438	14	0	cs13.6,cs13.7,cs14.1,cs14.2,cs14.8,w11.13,w11.2,w11.3,w11.7,w11.8,w12.10,w12.2,w12.4,w13.8,
chr2R	25117001-25124349	3	7348	cs14.13,w12.1,w12.9,
chr2R	25124508-25124523	1	15	w11.2,
chr2R	25135043-25135043	1	0	w12.4,
chr2R	25199358-25199358	6	0	cs14.1,cs14.8,w11.2,w11.3,w11.7,w13.8,
chr3L	288653-288653	1	0	w12.4,
chr3L	295659-295695	1	36	cs13.3,
chr3L	411468-411468	1	0	w15.7,
chr3L	420880-420880	1	0	w11.1,
chr3L	434309-434309	2	0	cs13.1,cs13.3,
chr3L	465721-465721	1	0	w12.2,
chr3L	466196-466338	1	142	w12.4,
chr3L	487810-487861	1	51	w12.2,
chr3L	487810-487821	14	11	cs12.12,cs12.14,cs12.16,cs12.5,cs13.11,cs13.12,cs14.1,cs14.10,cs14.11,cs14.3,cs14.5,cs14.7,w13.11,w15.6,
chr3L	487810-487810	1	0	w11.2,
chr3L	487811-487821	8	10	cs12.1,cs12.11,cs13.6,w13.13,w13.2,w13.5,w13.7,w15.10,
chr3L	500157-500157	3	0	cs12.1,cs13.12,w11.2,
chr3L	500185-500185	6	0	cs12.11,cs12.12,cs12.3,cs14.3,w13.7,w15.2,
chr3L	500185-500342	1	157	cs12.9,
chr3L	607317-607339	3	22	cs13.11,w12.6,w15.12,
chr3L	607322-607339	3	17	cs12.1,w11.13,w11.5,
chr3L	607325-607339	1	14	cs12.17,
chr3L	607326-607339	1	13	w13.13,
chr3L	607640-607640	2	0	cs12.3,cs14.2,
chr3L	704377-704377	4	0	cs12.16,w12.10,w12.4,w13.13,
chr3L	717921-717921	3	0	cs12.11,w11.10,w11.2,
chr3L	734185-734185	1	0	cs12.3,
chr3L	782227-782232	1	5	w11.13,
chr3L	843713-843713	1	0	w12.4,
chr3L	893511-893511	1	0	cs13.3,
chr3L	914273-915871	1	1598	w12.4,
chr3L	939183-939189	1	6	cs13.11,
chr3L	969293-969472	1	179	cs13.13,
chr3L	999241-1000086	1	845	w13.5,
chr3L	1108368-1108368	1	0	w15.6,
chr3L	1112493-1112518	1	25	cs13.1,
chr3L	1134989-1134989	1	0	cs14.2,
chr3L	1195747-1195747	1	0	w11.13,
chr3L	1239996-1239996	1	0	cs13.6,
chr3L	1260221-1260221	1	0	w11.2,
chr3L	1369180-1369190	1	10	w15.5,
chr3L	1381377-1381377	1	0	cs12.3,
chr3L	1423090-1430145	1	7055	w12.4,
chr3L	1444026-1444026	1	0	w11.12,
chr3L	1455685-1455685	1	0	w12.4,
chr3L	1582909-1582909	2	0	w12.4,w12.5,
chr3L	1607353-1607353	1	0	w12.4,
chr3L	1637316-1638188	3	872	w13.10,w13.6,w15.11,
chr3L	1637878-1638674	1	796	w15.9,
chr3L	1676047-1676047	1	0	cs14.2,
chr3L	1693059-1693059	1	0	w12.4,
chr3L	1806594-1806610	1	16	w12.4,
chr3L	1831371-1831371	1	0	w12.4,
chr3L	1919574-1919574	3	0	cs12.5,cs13.11,w11.11,
chr3L	1919574-1919584	2	10	cs12.2,w15.8,
chr3L	1925429-1925489	1	60	w12.4,
chr3L	1969167-1969472	1	305	w12.6,
chr3L	1977762-1977762	1	0	w12.4,
chr3L	1989329-1989329	1	0	w15.7,
chr3L	2014386-2014386	2	0	cs14.7,w13.13,
chr3L	2119344-2119344	1	0	w12.4,
chr3L	2266795-2266795	1	0	w12.4,
chr3L	2321016-2321025	1	9	w15.10,
chr3L	2355003-2355003	1	0	cs13.11,
chr3L	2431983-2431983	1	0	cs14.11,
chr3L	2443063-2460272	1	17209	w12.4,
chr3L	2476403-2476403	2	0	cs12.16,w12.10,
chr3L	2479410-2479410	1	0	cs12.15,
chr3L	2544918-2545190	1	272	w12.4,
chr3L	2596930-2596930	1	0	w12.4,
chr3L	2604402-2604402	1	0	w15.10,
chr3L	2630828-2630834	1	6	cs14.2,
chr3L	2672056-2672056	1	0	w12.4,
chr3L	2707722-2707772	1	50	cs12.15,
chr3L	2775643-2775643	1	0	w12.4,
chr3L	2795809-2795809	1	0	w12.4,
chr3L	2836939-2836939	1	0	cs14.11,
chr3L	2879922-2879931	1	9	cs13.11,
chr3L	2977854-2977854	1	0	w15.4,
chr3L	2979670-2979670	1	0	w15.10,
chr3L	2990411-2990443	1	32	cs12.11,
chr3L	3001863-3001931	1	68	cs14.7,
chr3L	3009237-3020506	1	11269	w12.4,
chr3L	3031155-3031169	1	14	cs12.5,
chr3L	3032551-3032551	1	0	w12.4,
chr3L	3052340-3052340	1	0	cs12.12,
chr3L	3107053-3107068	1	15	w15.10,
chr3L	3365745-3365745	1	0	w12.4,
chr3L	3435827-3435827	1	0	w12.4,
chr3L	3478446-3478446	3	0	cs12.16,cs13.12,w15.6,
chr3L	3492078-3492078	1	0	w15.2,
chr3L	3493805-3494459	1	654	w13.4,
chr3L	3538503-3538503	1	0	cs14.6,
chr3L	3550151-3550168	1	17	w15.8,
chr3L	3550155-3550168	1	13	cs13.1,
chr3L	3550167-3550168	1	1	cs12.12,
chr3L	3550168-3550168	1	0	cs14.7,
chr3L	3594102-3594124	3	22	w12.2,w15.2,w15.6,
chr3L	3668723-3668723	1	0	w15.8,
chr3L	3668751-3668763	1	12	cs14.5,
chr3L	3668759-3668763	1	4	w15.5,
chr3L	3690461-3690461	1	0	w12.10,
chr3L	3706240-3706240	1	0	w12.4,
chr3L	3713137-3713157	1	20	w12.10,
chr3L	3721738-3721738	1	0	w12.4,
chr3L	3742771-3742816	1	45	w12.4,
chr3L	3746182-3746222	1	40	w11.1,
chr3L	3770843-3771111	1	268	w12.4,
chr3L	3772640-3773030	1	390	w12.4,
chr3L	3787623-3787623	1	0	w12.4,
chr3L	3798694-3798694	1	0	cs13.11,
chr3L	3808405-3808420	1	15	w12.4,
chr3L	3849242-3849242	1	0	w12.4,
chr3L	3864449-3864449	1	0	cs12.12,
chr3L	3873188-3873191	1	3	w15.4,
chr3L	3903730-3903730	1	0	cs12.2,
chr3L	3912996-3912996	1	0	w13.11,
chr3L	3933217-3933217	1	0	w12.4,
chr3L	3992415-3992415	1	0	w13.5,
chr3L	4019511-4019544	17	33	cs12.12,cs12.3,cs13.1,cs13.11,cs13.12,cs13.3,cs14.13,cs14.3,cs14.5,w11.11,w11.12,w11.8,w12.10,w13.11,w13.2,w13.4,w15.1,
chr3L	4019539-4019544	2	5	w12.6,w15.8,
chr3L	4053630-4053630	1	0	cs14.2,
chr3L	4099983-4100010	1	27	cs12.18,
chr3L	4161615-4162699	1	1084	w12.4,
chr3L	4212767-4212767	1	0	w13.9,
chr3L	4366522-4366541	1	19	w12.4,
chr3L	4444646-4444760	1	114	w12.4,
chr3L	4449309-4449309	1	0	cs13.18,
chr3L	4470634-4470634	1	0	cs12.3,
chr3L	4470634-4470666	1	32	cs14.10,
chr3L	4483250-4483250	1	0	cs13.18,
chr3L	4517175-4517187	1	12	cs13.12,
chr3L	4558192-4558214	1	22	w15.8,
chr3L	4559459-4559478	1	19	w11.2,
chr3L	4582998-4582998	1	0	w12.4,
chr3L	4586982-4586988	4	6	cs12.16,cs14.13,w11.1,w12.6,
chr3L	4597003-4597005	6	2	cs12.3,cs12.5,cs13.3,cs14.11,w11.11,w15.12,
chr3L	4597004-4597005	1	1	cs12.12,
chr3L	4600404-4600415	1	11	cs13.12,
chr3L	4600405-4600415	1	10	w12.2,
chr3L	4965434-4965434	1	0	cs12.1,
chr3L	4967215-4981276	1	14061	w12.4,
chr3L	4989156-4989156	1	0	w11.1,
chr3L	5045047-5053546	1	8499	w12.4,
chr3L	5132749-5132754	1	5	cs12.2,
chr3L	5271312-5271312	1	0	w11.11,
chr3L	5355010-5355010	1	0	cs12.8,
chr3L	5359605-5359605	3	0	cs12.1,w11.13,w13.11,
chr3L	5359605-5360027	1	422	w15.8,
chr3L	5390266-5390278	1	12	w13.12,
chr3L	5433278-5438293	1	5015	w12.4,
chr3L	5443158-5443175	1	17	w15.5,
chr3L	5455499-5455499	4	0	cs14.10,cs14.13,w12.2,w13.12,
chr3L	5456254-5456260	2	6	cs12.12,w11.11,
chr3L	5457936-5457936	2	0	w13.11,w13.12,
chr3L	5471345-5482708	1	11363	w12.4,
chr3L	5518642-5518642	1	0	cs12.3,
chr3L	5526883-5527090	1	207	cs13.5,
chr3L	5561826-5561826	1	0	w15.2,
chr3L	5610326-5610326	1	0	cs14.7,
chr3L	5634989-5634989	1	0	w12.4,
chr3L	5666232-5666308	1	76	cs13.11,
chr3L	5666308-5666308	1	0	cs14.13,
chr3L	5666308-5670093	1	3785	w12.4,
chr3L	5680882-5680882	1	0	w11.13,
chr3L	5788225-5788228	1	3	w11.13,
chr3L	6046145-6046145	1	0	w12.4,
chr3L	6092945-6092960	1	15	w12.9,
chr3L	6095595-6095595	1	0	w15.8,
chr3L	6116218-6119450	1	3232	w12.4,
chr3L	6240293-6240293	1	0	w11.5,
chr3L	6316027-6316033	1	6	cs13.3,
chr3L	6318158-6318844	1	686	w12.4,
chr3L	6457396-6457396	1	0	w11.1,
chr3L	6527068-6527068	6	0	cs12.12,cs14.10,cs14.2,w11.2,w12.2,w13.12,
chr3L	6595322-6596537	1	1215	w12.4,
chr3L	6638276-6638276	1	0	w12.4,
chr3L	6803210-6804208	1	998	cs12.17,
chr3L	6806767-6820067	1	13300	cs13.4,
chr3L	6820621-6820622	11	1	cs12.12,cs12.16,cs13.3,cs14.13,cs14.5,w13.11,w15.1,w15.12,w15.5,w15.6,w15.8,
chr3L	6863907-6863920	1	13	w12.4,
chr3L	6868769-6868769	3	0	cs12.2,w11.11,w15.5,
chr3L	6883408-6895985	1	12577	w12.4,
chr3L	6895936-6895936	1	0	w13.11,
chr3L	6932881-6932881	1	0	w13.11,
chr3L	6959733-6959733	1	0	w12.4,
chr3L	6986572-6986579	1	7	w12.4,
chr3L	7036561-7036561	1	0	cs13.16,
chr3L	7053745-7053745	1	0	w12.4,
chr3L	7081671-7081673	1	2	w13.11,
chr3L	7091990-7092211	1	221	w12.4,
chr3L	7092204-7092211	2	7	cs12.15,cs14.7,
chr3L	7093966-7093979	1	13	cs13.6,
chr3L	7093966-7093980	6	14	cs12.2,cs14.10,w12.5,w13.13,w13.4,w15.4,
chr3L	7093966-7093989	15	23	cs12.1,cs12.11,cs12.15,cs12.16,cs13.1,cs13.11,cs13.12,cs13.18,cs13.3,w11.1,w11.13,w12.10,w12.6,w15.12,w15.8,
chr3L	7093966-7094225	2	259	cs12.3,w13.11,
chr3L	7093970-7093970	3	0	w11.11,w15.5,w15.7,
chr3L	7093977-7093977	1	0	cs14.13,
chr3L	7093977-7093980	1	3	cs12.17,
chr3L	7093979-7093979	1	0	w15.2,
chr3L	7094014-7094139	1	125	cs12.13,
chr3L	7094014-7094163	1	149	cs13.15,
chr3L	7094225-7094225	24	0	cs12.1,cs12.11,cs12.15,cs12.17,cs12.2,cs12.5,cs13.12,cs13.13,cs13.18,cs13.3,cs14.10,cs14.5,cs14.7,w11.11,w11.8,w12.10,w12.5,w13.13,w13.4,w15.1,w15.2,w15.4,w15.5,w15.8,
chr3L	7095728-7096301	1	573	w12.4,
chr3L	7095728-7095743	1	15	cs14.3,
chr3L	7095735-7095735	1	0	w12.5,
chr3L	7182237-7182237	1	0	w12.10,
chr3L	7187582-7188065	1	483	w12.4,
chr3L	7255665-7257195	1	1530	cs14.7,
chr3L	7257195-7257195	1	0	cs14.3,
chr3L	7258521-7258521	1	0	w15.4,
chr3L	7279704-7279753	1	49	cs14.2,
chr3L	7284491-7284554	1	63	cs14.3,
chr3L	7382075-7382075	1	0	cs12.1,
chr3L	7388320-7388320	2	0	w11.2,w15.8,
chr3L	7649941-7649943	1	2	w12.4,
chr3L	7715741-7716113	1	372	w12.4,
chr3L	7791395-7791420	2	25	cs14.13,w15.6,
chr3L	7791395-7791413	1	18	w12.5,
chr3L	7791395-7791533	1	138	cs12.5,
chr3L	7791410-7791420	1	10	w13.11,
chr3L	7791410-7791413	3	3	w11.5,w13.13,w15.12,
chr3L	7791413-7791413	1	0	w15.2,
chr3L	7791950-7806143	1	14193	cs13.9,
chr3L	7841460-7841482	3	22	cs12.1,cs12.2,w11.1,
chr3L	7841462-7841482	1	20	cs13.18,
chr3L	7841471-7841482	1	11	w12.6,
chr3L	7853425-7853425	1	0	w11.1,
chr3L	8317593-8317593	1	0	w15.4,
chr3L	8333787-8333787	1	0	w15.6,
chr3L	8378191-8378191	1	0	w12.10,
chr3L	8420141-8420141	1	0	w11.13,
chr3L	8428748-8428748	1	0	w12.4,
chr3L	8472313-8472313	1	0	w12.4,
chr3L	8556122-8556122	1	0	w15.5,
chr3L	8556122-8556182	2	60	w11.11,w15.7,
chr3L	8556792-8556792	1	0	w12.4,
chr3L	8608693-8608696	1	3	w12.4,
chr3L	8732726-8732726	8	0	cs12.1,cs12.17,cs13.18,cs14.3,cs14.7,w11.1,w13.11,w15.2,
chr3L	8817033-8817033	1	0	w12.4,
chr3L	8886485-8886485	1	0	cs12.5,
chr3L	8924062-8926405	1	2343	cs12.15,
chr3L	9006255-9006255	1	0	cs12.2,
chr3L	9011547-9011547	1	0	w12.4,
chr3L	9103832-9103832	1	0	w11.2,
chr3L	9233592-9233593	1	1	w11.13,
chr3L	9260863-9260866	2	3	cs13.12,w11.13,
chr3L	9260865-9260866	1	1	cs13.1,
chr3L	9261018-9261018	1	0	w12.4,
chr3L	9269654-9269903	1	249	w12.4,
chr3L	9388485-9388485	1	0	w12.4,
chr3L	9489892-9489918	1	26	w12.4,
chr3L	9515967-9515996	1	29	cs12.1,
chr3L	9544193-9558407	1	14214	w15.11,
chr3L	9546592-9546592	15	0	cs12.16,cs14.11,cs14.13,cs14.3,cs14.7,w11.11,w11.13,w11.5,w11.8,w13.12,w13.4,w15.12,w15.2,w15.5,w15.6,
chr3L	9553802-9553802	1	0	cs13.1,
chr3L	9555638-9555638	1	0	cs14.3,
chr3L	9559156-9559185	10	29	cs12.5,cs14.3,w11.11,w11.2,w13.11,w13.4,w15.4,w15.5,w15.6,w15.8,
chr3L	9559163-9559223	1	60	cs13.18,
chr3L	9559163-9559185	10	22	cs13.6,cs14.10,cs14.11,cs14.13,cs14.7,w11.13,w11.5,w12.2,w12.5,w12.6,
chr3L	9559164-9559185	1	21	w13.12,
chr3L	9559181-9559185	3	4	cs12.15,cs13.11,w11.8,
chr3L	9559185-9559185	3	0	w12.10,w15.2,w15.7,
chr3L	9681740-9681740	2	0	cs14.3,w11.11,
chr3L	9854907-9854910	1	3	cs13.18,
chr3L	9879921-9879921	2	0	cs12.15,w12.6,
chr3L	9888974-9888974	1	0	w12.4,
chr3L	9898363-9898363	1	0	cs14.2,
chr3L	9982759-9982835	3	76	w11.5,w12.2,w15.2,
chr3L	9996609-9996609	1	0	w12.5,
chr3L	10001541-10001567	1	26	cs12.16,
chr3L	10002994-10003033	1	39	cs13.13,
chr3L	10009221-10010868	1	1647	w12.4,
chr3L	10030573-10030573	1	0	w13.4,
chr3L	10046128-10046128	1	0	w12.4,
chr3L	10051578-10051578	1	0	w12.4,
chr3L	10055367-10055368	1	1	cs13.11,
chr3L	10186818-10186819	1	1	w13.12,
chr3L	10189475-10189531	1	56	w12.4,
chr3L	10237409-10237416	1	7	w12.4,
chr3L	10273559-10273561	3	2	cs13.11,w13.13,w15.6,
chr3L	10275704-10275704	4	0	cs14.11,cs14.2,w12.6,w15.2,
chr3L	10309134-10309156	1	22	w15.5,
chr3L	10354069-10354069	1	0	w12.4,
chr3L	10358406-10358408	5	2	cs12.17,cs13.13,cs14.2,w11.11,w15.4,
chr3L	10368624-10368639	1	15	cs14.11,
chr3L	10375033-10375034	1	1	cs13.12,
chr3L	10380751-10380765	1	14	w12.4,
chr3L	10421143-10421143	1	0	cs14.13,
chr3L	10438318-10444145	1	5827	w12.4,
chr3L	10483587-10483587	7	0	cs12.15,cs12.16,cs12.17,cs14.7,w12.2,w12.5,w15.8,
chr3L	10483642-10485209	1	1567	w13.6,
chr3L	10485290-10485321	1	31	w13.12,
chr3L	10488285-10488285	1	0	w11.4,
chr3L	10538499-10538499	1	0	cs13.14,
chr3L	10538499-10538500	2	1	cs12.18,cs13.17,
chr3L	10538500-10538500	3	0	cs14.12,cs14.6,cs14.7,
chr3L	10540976-10540976	1	0	cs13.1,
chr3L	10541791-10541791	2	0	w12.2,w12.5,
chr3L	10545718-10545757	1	39	cs14.2,
chr3L	10545718-10545718	5	0	cs13.18,cs14.11,w13.12,w13.13,w13.4,
chr3L	10545718-10545732	4	14	cs12.15,cs12.17,cs14.13,w15.7,
chr3L	10545732-10545732	1	0	cs13.1,
chr3L	10545757-10545757	1	0	cs12.16,
chr3L	10551525-10551764	1	239	w12.4,
chr3L	10570561-10570561	2	0	w11.5,w12.6,
chr3L	10572271-10572271	1	0	w11.13,
chr3L	10604338-10604376	1	38	cs14.3,
chr3L	10614007-10614007	1	0	cs13.12,
chr3L	10644656-10644656	4	0	w11.13,w12.5,w12.6,w13.4,
chr3L	10702172-10707058	1	4886	w12.4,
chr3L	10711559-10712202	1	643	w11.13,
chr3L	10722124-10722151	1	27	w12.4,
chr3L	10727842-10752316	1	24474	w12.4,
chr3L	10742697-10743115	1	418	w15.8,
chr3L	10742697-10742697	3	0	cs12.5,cs14.11,w11.11,
chr3L	10769649-10782158	1	12509	w12.4,
chr3L	10805541-10993167	1	187626	w12.4,
chr3L	11024015-11043369	1	19354	w12.4,
chr3L	11045553-11138337	1	92784	w12.4,
chr3L	11054258-11054258	1	0	w13.12,
chr3L	11099703-11099704	1	1	w12.10,
chr3L	11137010-11137010	4	0	cs13.1,cs14.3,w13.11,w13.13,
chr3L	11139967-11224480	1	84513	w12.4,
chr3L	11196144-11196145	1	1	cs13.11,
chr3L	11200973-11201010	2	37	cs12.1,cs14.11,
chr3L	11232948-11289039	1	56091	w12.4,
chr3L	11272931-11272958	1	27	cs13.6,
chr3L	11294055-11414657	1	120602	w12.4,
chr3L	11310476-11310492	1	16	w12.5,
chr3L	11310871-11310907	1	36	w15.4,
chr3L	11310871-11310871	7	0	cs13.18,cs13.6,w12.2,w13.12,w13.4,w15.5,w15.6,
chr3L	11418993-11441801	1	22808	w12.4,
chr3L	11428780-11428801	1	21	cs13.13,
chr3L	11441592-11441888	1	296	w12.7,
chr3L	11591070-11591070	8	0	cs12.16,cs13.13,cs14.13,w11.13,w11.5,w12.6,w15.5,w15.8,
chr3L	11644052-11663010	1	18958	w12.4,
chr3L	11658709-11658716	1	7	w13.13,
chr3L	11658709-11658725	6	16	cs12.15,cs13.13,cs13.6,w12.5,w13.11,w13.12,
chr3L	11658710-11658725	1	15	w15.12,
chr3L	11658712-11658725	1	13	cs12.2,
chr3L	11852794-11852794	1	0	w15.5,
chr3L	11970572-11972485	3	1913	cs12.2,cs14.13,w12.2,
chr3L	11970572-11972479	2	1907	cs12.15,cs12.5,
chr3L	11970572-11972467	16	1895	cs12.4,cs13.12,cs13.18,cs13.6,cs14.3,w11.11,w11.13,w11.8,w12.10,w12.5,w12.6,w13.12,w15.5,w15.6,w15.7,w15.8,
chr3L	11970572-11970572	10	0	cs12.1,cs12.16,cs13.1,cs13.11,cs13.13,w11.5,w13.11,w13.13,w15.12,w15.4,
chr3L	12230055-12230055	1	0	w15.6,
chr3L	12283377-12283377	1	0	cs12.1,
chr3L	12284431-12284431	1	0	w13.11,
chr3L	12292645-12384457	1	91812	w12.4,
chr3L	12294005-12294006	1	1	cs14.3,
chr3L	12296390-12304140	1	7750	cs13.4,
chr3L	12304968-12305013	1	45	cs13.1,
chr3L	12304968-12305029	1	61	w13.11,
chr3L	12304993-12305013	1	20	w11.11,
chr3L	12304999-12305013	6	14	cs13.13,cs14.13,w11.5,w12.5,w13.13,w15.4,
chr3L	12305000-12305013	2	13	cs12.17,w11.13,
chr3L	12305160-12310903	1	5743	cs13.9,
chr3L	12310946-12310962	1	16	w15.7,
chr3L	12310962-12310962	2	0	cs14.3,w12.5,
chr3L	12332233-12332233	2	0	w12.6,w13.11,
chr3L	12368561-12368568	1	7	w11.13,
chr3L	12388204-12664948	1	276744	w12.4,
chr3L	12660258-12660261	2	3	w11.13,w12.2,
chr3L	12669346-12678020	1	8674	w12.4,
chr3L	12679366-12720101	1	40735	w12.4,
chr3L	12703569-12703584	1	15	w11.5,
chr3L	12703579-12703579	1	0	cs13.11,
chr3L	12703584-12703584	1	0	w15.8,
chr3L	12704301-12721705	1	17404	cs12.8,
chr3L	12725912-12725920	2	8	w11.13,w12.10,
chr3L	12725920-12725920	5	0	cs12.1,cs12.17,cs13.18,w13.13,w15.4,
chr3L	12782719-12782722	1	3	cs12.18,
chr3L	12833494-12854410	1	20916	w12.4,
chr3L	12855337-12862287	1	6950	w12.4,
chr3L	12865932-12996971	1	131039	w12.4,
chr3L	12869185-12869204	1	19	w11.11,
chr3L	12869204-12869204	1	0	cs13.13,
chr3L	12871375-12871376	6	1	cs12.16,cs12.17,cs12.2,cs12.5,cs13.6,cs14.13,
chr3L	12917880-12917880	1	0	cs14.3,
chr3L	12974606-12974614	8	8	cs12.1,cs12.2,cs13.11,cs13.12,cs13.18,w11.11,w12.10,w12.5,
chr3L	13015386-13057520	1	42134	w12.4,
chr3L	13067936-13219337	1	151401	w12.4,
chr3L	13194147-13194188	1	41	w12.10,
chr3L	13194151-13194162	1	11	w15.7,
chr3L	13194160-13194162	1	2	cs14.13,
chr3L	13227025-13227127	3	102	cs14.13,cs14.3,w13.13,
chr3L	13227119-13227127	1	8	cs13.11,
chr3L	13227120-13227127	3	7	cs13.13,w13.11,w15.5,
chr3L	13227123-13227127	1	4	cs12.16,
chr3L	13227127-13227127	1	0	cs13.18,
chr3L	13228446-13270820	1	42374	w12.4,
chr3L	13252011-13252011	1	0	cs13.11,
chr3L	13276348-13302521	1	26173	w12.4,
chr3L	13317626-13390941	1	73315	w12.4,
chr3L	13327427-13327450	1	23	w11.8,
chr3L	13327445-13327450	1	5	w12.5,
chr3L	13354147-13354147	1	0	w11.13,
chr3L	13371477-13371477	4	0	cs12.4,w11.11,w11.5,w15.8,
chr3L	13417277-13437970	1	20693	w12.4,
chr3L	13447098-13548841	1	101743	w12.4,
chr3L	13606531-13616287	1	9756	w12.4,
chr3L	13618199-13785904	1	167705	w12.4,
chr3L	13639867-13639867	1	0	w15.6,
chr3L	13654822-13654822	3	0	cs13.1,cs13.12,cs13.6,
chr3L	13786636-13886122	1	99486	w12.4,
chr3L	13888992-13897461	1	8469	w12.4,
chr3L	13897426-13897428	3	2	w13.5,w15.5,w15.7,
chr3L	13897428-13897428	1	0	w12.5,
chr3L	13914787-13914787	1	0	cs12.5,
chr3L	13922426-13922447	5	21	cs13.1,w11.13,w13.11,w13.12,w13.5,
chr3L	13922429-13922447	2	18	cs14.3,w15.12,
chr3L	13922436-13922443	1	7	cs13.13,
chr3L	13922439-13922447	1	8	w15.8,
chr3L	14023549-14023566	1	17	cs12.1,
chr3L	14120825-14232103	1	111278	w12.4,
chr3L	14152812-14152857	1	45	cs13.12,
chr3L	14152812-14152829	5	17	cs12.15,cs13.11,cs13.18,w12.5,w15.7,
chr3L	14152827-14152829	1	2	w11.13,
chr3L	14152880-14153201	1	321	cs13.15,
chr3L	14153458-14153461	6	3	cs12.15,cs14.3,w11.10,w11.5,w12.5,w15.8,
chr3L	14153461-14153461	2	0	cs12.5,w15.7,
chr3L	14233956-14233977	1	21	w15.7,
chr3L	14233956-14233971	1	15	w12.10,
chr3L	14233968-14233977	1	9	cs12.5,
chr3L	14233968-14234000	1	32	cs13.6,
chr3L	14237756-14328510	1	90754	w12.4,
chr3L	14243673-14243675	1	2	w12.6,
chr3L	14331787-14331787	16	0	cs12.15,cs12.16,cs12.17,cs12.2,cs13.11,cs13.13,cs13.6,cs14.13,cs14.3,w11.10,w11.11,w12.10,w12.5,w13.11,w13.13,w15.5,
chr3L	14338198-14370415	1	32217	w12.4,
chr3L	14376778-14376778	1	0	cs12.2,
chr3L	14484735-14484735	5	0	cs13.6,w11.11,w12.13,w15.7,w15.8,
chr3L	14600849-14651996	1	51147	w12.4,
chr3L	14625774-14625774	1	0	cs12.2,
chr3L	14655503-14816788	1	161285	w12.4,
chr3L	14731729-14731729	1	0	cs13.18,
chr3L	14836238-14932945	1	96707	w12.4,
chr3L	14933706-15124930	1	191224	w12.4,
chr3L	14965491-14965512	2	21	cs12.17,w11.10,
chr3L	14965499-14965512	1	13	cs13.6,
chr3L	14965511-14965511	1	0	w13.12,
chr3L	14965681-14966653	1	972	cs12.8,
chr3L	14967124-14967125	28	1	cs12.1,cs12.16,cs12.17,cs12.2,cs12.4,cs13.1,cs13.12,cs13.13,cs13.18,cs14.13,cs14.3,w11.11,w11.13,w11.5,w11.8,w12.10,w12.5,w12.6,w13.11,w13.12,w13.13,w13.5,w15.12,w15.4,w15.5,w15.6,w15.7,w15.8,
chr3L	14999847-14999859	1	12	cs12.1,
chr3L	14999859-14999859	1	0	cs12.4,
chr3L	15143913-15355640	1	211727	w12.4,
chr3L	15206307-15206307	2	0	cs12.2,cs12.4,
chr3L	15220428-15220463	6	35	cs12.1,cs12.4,w11.13,w11.5,w15.12,w15.5,
chr3L	15220428-15220647	3	219	cs12.2,cs13.1,w13.11,
chr3L	15220429-15220463	1	34	cs12.17,
chr3L	15220433-15220647	1	214	w15.6,
chr3L	15220447-15220463	1	16	w15.8,
chr3L	15220555-15220562	2	7	cs12.13,cs13.15,
chr3L	15220617-15220647	1	30	w15.7,
chr3L	15220632-15220647	3	15	cs12.17,w12.5,w13.13,
chr3L	15220635-15220647	1	12	cs12.16,
chr3L	15220644-15220647	1	3	cs12.4,
chr3L	15220644-15220645	1	1	cs13.12,
chr3L	15391651-15416386	1	24735	w12.4,
chr3L	15447208-15625682	1	178474	w12.4,
chr3L	15561281-15561281	1	0	cs13.13,
chr3L	15628128-15792191	1	164063	w12.4,
chr3L	15655526-15655526	1	0	w15.8,
chr3L	15799572-15799574	1	2	cs13.18,
chr3L	15802207-15856679	1	54472	w12.4,
chr3L	15856799-15856799	1	0	cs13.11,
chr3L	15865957-15865957	3	0	cs12.2,w12.10,w15.5,
chr3L	15866221-15866221	2	0	cs12.16,w15.7,
chr3L	15869552-15900934	1	31382	w12.4,
chr3L	15903492-15903897	1	405	w11.11,
chr3L	16150797-16150800	1	3	cs12.5,
chr3L	16156755-16156755	2	0	cs12.17,cs13.18,
chr3L	16176242-16176244	1	2	w11.8,
chr3L	16176242-16176272	1	30	w13.11,
chr3L	16201345-16201492	1	147	w11.3,
chr3L	16222159-16222205	1	46	w12.5,
chr3L	16260466-16260484	1	18	cs13.1,
chr3L	16285721-16285738	1	17	w12.13,
chr3L	16324493-16324505	1	12	cs12.2,
chr3L	16345051-16345051	1	0	cs12.15,
chr3L	16430717-16431316	1	599	cs13.8,
chr3L	16656038-16656038	1	0	cs13.13,
chr3L	16669104-16769391	1	100287	w12.4,
chr3L	16736329-16736329	1	0	w11.10,
chr3L	16746170-16746170	1	0	w12.5,
chr3L	16770646-16822207	1	51561	w12.4,
chr3L	16824577-16824577	12	0	cs12.15,cs12.16,cs13.11,w11.13,w11.5,w11.8,w12.10,w12.13,w12.5,w13.11,w15.12,w15.4,
chr3L	16858454-16858454	1	0	cs12.4,
chr3L	16888883-16888891	5	8	cs13.13,cs14.13,w13.11,w15.4,w15.8,
chr3L	16888885-16888891	1	6	cs13.18,
chr3L	17050399-17116276	1	65877	w12.4,
chr3L	17131356-17131356	1	0	w15.8,
chr3L	17141443-17333151	1	191708	w12.4,
chr3L	17264794-17264794	1	0	cs12.5,
chr3L	17349973-17365771	1	15798	w12.4,
chr3L	17413032-17606512	1	193480	w12.4,
chr3L	17547508-17547511	1	3	cs13.13,
chr3L	17593342-17593342	1	0	cs12.16,
chr3L	17595191-17595191	1	0	cs14.13,
chr3L	17616370-17678309	1	61939	w12.4,
chr3L	17962135-17962162	7	27	cs12.16,w11.5,w12.13,w13.11,w13.12,w13.2,w13.5,
chr3L	17962140-17962162	1	22	cs13.11,
chr3L	17962143-17962162	1	19	cs12.17,
chr3L	17962162-17962162	2	0	cs12.2,w13.13,
chr3L	17985873-17985873	1	0	cs14.3,
chr3L	18044746-18044746	1	0	cs13.12,
chr3L	18134449-18134449	33	0	cs12.1,cs12.14,cs12.15,cs12.16,cs12.17,cs12.2,cs12.4,cs12.5,cs13.1,cs13.11,cs13.12,cs13.13,cs13.18,cs13.6,cs14.13,cs14.3,w11.10,w11.13,w11.5,w12.10,w12.13,w12.5,w13.11,w13.12,w13.13,w13.2,w13.5,w15.12,w15.4,w15.5,w15.6,w15.7,w15.8,
chr3L	18170879-18280848	1	109969	w12.4,
chr3L	18205214-18205221	1	7	w13.12,
chr3L	18267230-18267243	1	13	w13.5,
chr3L	18269480-18269480	22	0	cs12.1,cs12.15,cs12.17,cs12.2,cs12.4,cs12.5,cs13.1,cs13.11,cs13.13,cs13.6,cs14.3,w11.5,w11.8,w12.10,w12.13,w12.5,w13.12,w13.2,w15.12,w15.5,w15.6,w15.7,
chr3L	18273120-18273129	1	9	w12.5,
chr3L	18273352-18286161	1	12809	cs13.4,
chr3L	18276795-18276795	1	0	w12.10,
chr3L	18290135-18322015	1	31880	w12.4,
chr3L	18323480-18323517	1	37	cs12.2,
chr3L	18323480-18323480	19	0	cs12.1,cs12.16,cs12.17,cs12.4,cs13.1,cs13.12,cs13.13,cs13.18,cs13.6,cs14.3,w11.13,w12.10,w12.13,w13.13,w13.5,w15.12,w15.6,w15.7,w15.8,
chr3L	18323770-18374266	1	50496	w12.4,
chr3L	18333402-18333416	1	14	w15.7,
chr3L	18395227-18412955	1	17728	w12.4,
chr3L	18445411-18648037	1	202626	w12.4,
chr3L	18524612-18524612	1	0	cs14.6,
chr3L	18552523-18552528	2	5	cs13.18,w13.11,
chr3L	18552523-18552523	1	0	cs12.5,
chr3L	18648516-18648516	1	0	cs14.3,
chr3L	18847305-18847310	1	5	cs13.13,
chr3L	18863975-18863994	1	19	w11.8,
chr3L	18863994-18863994	4	0	cs12.14,w11.13,w13.12,w15.8,
chr3L	18864710-18864737	1	27	cs12.5,
chr3L	18864711-18864737	1	26	w11.8,
chr3L	19159432-19159461	1	29	cs12.2,
chr3L	19423494-19423494	1	0	cs12.1,
chr3L	19423494-19423501	4	7	cs12.15,cs13.1,cs13.13,w11.5,
chr3L	19424274-19424279	1	5	w15.4,
chr3L	19844670-19844670	1	0	cs12.5,
chr3L	20179341-20179341	1	0	w15.8,
chr3L	20210981-20210981	1	0	w15.4,
chr3L	20425526-20425526	1	0	cs13.11,
chr3L	22229938-22229938	1	0	cs12.16,
chr3L	22235680-22235681	1	1	cs12.1,
chr3L	22492991-22492991	1	0	w13.1,
chr3L	22823371-22823371	1	0	cs12.2,
chr3R	4725092-4725092	1	0	w12.7,
chr3R	4841378-4841437	1	59	w15.1,
chr3R	5073511-5073622	1	111	w11.5,
chr3R	5073622-5073622	1	0	w12.13,
chr3R	5332590-5332590	1	0	cs12.15,
chr3R	5390167-5390167	1	0	w13.1,
chr3R	5623557-5623557	1	0	cs13.9,
chr3R	5778871-5778871	1	0	w12.4,
chr3R	5981070-5984460	1	3390	w12.4,
chr3R	6287298-6287298	1	0	w12.4,
chr3R	6307572-6307572	2	0	cs13.13,w12.5,
chr3R	6667772-6667829	1	57	cs14.12,
chr3R	6804109-6804134	1	25	cs12.8,
chr3R	6804134-6804134	1	0	w12.4,
chr3R	6907715-6907715	1	0	w12.4,
chr3R	7046006-7050019	1	4013	w12.4,
chr3R	7162610-7162610	1	0	w12.4,
chr3R	7210620-7210620	4	0	cs12.8,cs13.12,w12.13,w13.10,
chr3R	7217316-7217316	1	0	w15.6,
chr3R	7312195-7312201	8	6	cs12.1,cs12.15,cs12.8,cs13.16,cs13.9,w15.11,w15.12,w15.5,
chr3R	7312201-7312201	1	0	w13.6,
chr3R	7340874-7340874	1	0	w12.4,
chr3R	7364636-7364636	1	0	cs13.2,
chr3R	7743534-7743715	1	181	w12.13,
chr3R	7989971-7989971	1	0	w12.4,
chr3R	8040828-8040835	6	7	w11.2,w11.3,w12.2,w13.9,w15.13,w15.3,
chr3R	8550826-8550826	1	0	w12.4,
chr3R	8622114-8622114	1	0	cs13.14,
chr3R	8644516-8644516	1	0	w12.4,
chr3R	8683582-8683582	1	0	w13.13,
chr3R	8986682-8986682	1	0	w12.4,
chr3R	9077898-9079373	1	1475	cs12.18,
chr3R	9428079-9428079	1	0	cs13.9,
chr3R	9482007-9482016	1	9	w15.6,
chr3R	9771251-9771278	1	27	w12.4,
chr3R	11041438-11041438	1	0	w12.4,
chr3R	11083554-11083888	1	334	w12.4,
chr3R	11097674-11097674	1	0	cs12.16,
chr3R	11132076-11132076	1	0	w12.4,
chr3R	11240219-11240219	1	0	w11.10,
chr3R	11267679-11267679	1	0	cs12.8,
chr3R	11281259-11284806	1	3547	w12.4,
chr3R	11320384-11320384	1	0	cs12.1,
chr3R	11512553-11512553	1	0	w12.4,
chr3R	11596178-11596178	3	0	cs13.6,w11.10,w15.11,
chr3R	11735871-11740713	1	4842	w12.4,
chr3R	11868206-11868228	1	22	w12.4,
chr3R	11874614-11874614	7	0	cs12.1,cs12.17,cs12.5,cs12.8,cs13.13,cs13.15,cs13.16,
chr3R	11990867-11990884	1	17	w12.4,
chr3R	11993780-11993785	2	5	cs12.4,w15.4,
chr3R	11993784-11993785	1	1	cs13.18,
chr3R	11993785-11993785	1	0	cs12.5,
chr3R	12783961-12783961	1	0	w12.4,
chr3R	12802665-12802683	1	18	w15.7,
chr3R	12828706-12828710	1	4	w12.4,
chr3R	12851117-12851117	1	0	cs12.2,
chr3R	12937068-12937068	1	0	w13.6,
chr3R	13063147-13063147	1	0	w13.7,
chr3R	13068739-13068763	1	24	w12.4,
chr3R	13140550-13140553	1	3	w12.4,
chr3R	13141542-13141542	1	0	cs13.18,
chr3R	13625701-13625701	1	0	w12.4,
chr3R	13803992-13804017	5	25	cs12.13,cs12.15,cs13.4,w11.10,w13.12,
chr3R	13803997-13804017	1	20	w12.10,
chr3R	13804002-13804002	1	0	cs13.18,
chr3R	13804017-13804017	4	0	cs12.1,w11.8,w12.13,w13.10,
chr3R	13898852-13903689	1	4837	w12.4,
chr3R	13925958-13925958	1	0	cs12.8,
chr3R	13927250-13927250	1	0	w13.11,
chr3R	14047808-14047808	1	0	w12.4,
chr3R	14169768-14171521	1	1753	w12.4,
chr3R	14191029-14191029	1	0	cs13.12,
chr3R	14336660-14336664	1	4	w12.4,
chr3R	14380494-14380494	1	0	w13.9,
chr3R	14427738-14446026	1	18288	cs13.14,
chr3R	14437499-14437499	1	0	cs13.9,
chr3R	14439540-14439548	1	8	cs14.11,
chr3R	14456981-14456981	1	0	w12.4,
chr3R	14524540-14524540	1	0	cs12.5,
chr3R	14581489-14581489	3	0	cs12.1,cs13.17,w15.9,
chr3R	14677533-14677572	1	39	cs12.5,
chr3R	14677534-14677572	1	38	w12.5,
chr3R	14677539-14677572	1	33	w12.13,
chr3R	14682998-14682998	1	0	cs13.18,
chr3R	14761003-14761003	1	0	cs13.2,
chr3R	14771916-14771935	2	19	cs13.9,w13.12,
chr3R	14771918-14771935	2	17	cs12.15,cs13.11,
chr3R	14771923-14771935	1	12	w11.5,
chr3R	14793631-14793631	1	0	cs13.2,
chr3R	14853404-14853404	1	0	w13.2,
chr3R	14875935-14875935	1	0	w12.4,
chr3R	14927154-14927154	1	0	w12.4,
chr3R	14929818-14929818	1	0	cs13.8,
chr3R	15008232-15008232	1	0	w15.7,
chr3R	15091850-15091850	1	0	cs12.6,
chr3R	15125453-15125453	1	0	cs13.2,
chr3R	15137622-15137622	1	0	cs13.18,
chr3R	15161864-15161864	1	0	cs13.13,
chr3R	15505856-15505856	1	0	w12.10,
chr3R	15559620-15559620	1	0	w12.4,
chr3R	15646863-15646872	2	9	cs13.9,w13.13,
chr3R	15675402-15675402	2	0	cs12.16,cs12.8,
chr3R	15779504-15779504	2	0	cs12.16,w11.8,
chr3R	15862255-15862255	1	0	w12.5,
chr3R	16502330-16502335	1	5	cs13.2,
chr3R	16711903-16713070	1	1167	w12.4,
chr3R	16713070-16713070	1	0	cs12.16,
chr3R	16791224-16791242	1	18	w12.4,
chr3R	16798424-16798424	1	0	w13.13,
chr3R	16869308-16869308	1	0	w12.4,
chr3R	16876072-16876100	1	28	cs13.4,
chr3R	17008296-17008455	1	159	w11.1,
chr3R	17102317-17102317	1	0	w12.4,
chr3R	17202548-17202556	1	8	cs12.14,
chr3R	17202548-17202548	3	0	cs13.18,w12.9,w15.11,
chr3R	17202556-17202596	1	40	w12.6,
chr3R	17211679-17211687	4	8	cs12.14,cs12.5,w11.13,w15.7,
chr3R	17211685-17211687	1	2	cs13.6,
chr3R	17214482-17214482	1	0	w12.4,
chr3R	17248227-17248227	1	0	w13.11,
chr3R	17265605-17267896	1	2291	w12.4,
chr3R	17327356-17327541	1	185	cs13.13,
chr3R	17331611-17331611	2	0	cs13.18,w15.11,
chr3R	17384647-17385055	1	408	w12.4,
chr3R	17522332-17522333	3	1	cs12.17,w12.13,w15.9,
chr3R	17524939-17524939	1	0	cs13.12,
chr3R	17534813-17534821	1	8	cs13.4,
chr3R	17535253-17535253	1	0	w12.4,
chr3R	17587032-17589450	1	2418	w12.4,
chr3R	17602811-17602811	1	0	w13.6,
chr3R	17909712-17909757	1	45	cs13.2,
chr3R	17909749-17909757	2	8	cs12.17,cs12.5,
chr3R	17909753-17909757	1	4	w12.13,
chr3R	17909757-17909757	2	0	cs12.13,w13.1,
chr3R	18021376-18021376	1	0	w12.4,
chr3R	18137705-18137705	1	0	w12.4,
chr3R	18147919-18147919	1	0	cs12.17,
chr3R	18208845-18208845	1	0	cs13.13,
chr3R	18280445-18280814	1	369	w13.8,
chr3R	18295045-18295048	1	3	w15.11,
chr3R	18295045-18295049	1	4	cs13.16,
chr3R	18295048-18295049	1	1	cs12.10,
chr3R	18295049-18295049	1	0	w11.8,
chr3R	18334415-18335044	1	629	cs12.10,
chr3R	18418314-18418314	1	0	w13.1,
chr3R	18447943-18447943	1	0	cs13.2,
chr3R	18471262-18471262	1	0	w15.7,
chr3R	18473383-18473403	1	20	cs13.2,
chr3R	18499374-18499375	1	1	w12.4,
chr3R	18518254-18518254	1	0	cs12.10,
chr3R	18521153-18521182	1	29	cs12.1,
chr3R	18621527-18621527	2	0	cs12.4,w13.1,
chr3R	18636863-18636863	1	0	cs13.12,
chr3R	18729505-18729586	1	81	w12.4,
chr3R	18739487-18739487	1	0	w12.4,
chr3R	18803269-18803269	1	0	w13.5,
chr3R	18828460-18828460	1	0	w12.4,
chr3R	18888093-18888093	2	0	cs12.10,w13.12,
chr3R	18931704-18931704	1	0	w12.4,
chr3R	18938799-18938806	1	7	w13.1,
chr3R	18991456-18991456	1	0	w12.4,
chr3R	19004222-19004222	1	0	cs12.17,
chr3R	19009799-19009799	1	0	w12.4,
chr3R	19035240-19037433	1	2193	w12.4,
chr3R	19052694-19052694	1	0	w12.4,
chr3R	19057661-19057708	1	47	w15.10,
chr3R	19057693-19057708	2	15	w12.3,w15.13,
chr3R	19120726-19120868	1	142	w11.4,
chr3R	19133935-19133935	1	0	w15.11,
chr3R	19133950-19133968	1	18	w12.4,
chr3R	19200733-19200733	1	0	w12.4,
chr3R	19374985-19374985	1	0	w12.4,
chr3R	19397440-19397440	1	0	w12.4,
chr3R	19530759-19530771	1	12	w12.4,
chr3R	19641028-19641039	1	11	cs13.2,
chr3R	19775955-19776415	3	460	cs12.1,cs12.14,cs13.2,
chr3R	19775955-19775991	7	36	cs12.4,cs12.5,cs13.17,w11.13,w11.5,w12.10,w13.11,
chr3R	19775991-19775991	5	0	cs12.13,cs13.18,w11.10,w13.6,w15.7,
chr3R	19775991-19776395	1	404	w12.13,
chr3R	19775991-19776415	1	424	cs13.13,
chr3R	19776911-19776911	1	0	w13.1,
chr3R	19791612-19791612	1	0	w12.4,
chr3R	19882132-19882783	1	651	w12.4,
chr3R	20021417-20021422	1	5	w13.1,
chr3R	20098556-20098556	1	0	w13.12,
chr3R	20120834-20120834	1	0	w13.5,
chr3R	20139060-20139060	1	0	cs13.12,
chr3R	20142217-20142226	1	9	w12.4,
chr3R	20166197-20166197	1	0	w11.10,
chr3R	20189144-20189147	1	3	cs12.17,
chr3R	20189147-20189147	2	0	cs12.15,w12.9,
chr3R	20238934-20239370	1	436	w12.10,
chr3R	20489076-20489125	1	49	w12.4,
chr3R	20515804-20515809	1	5	w13.5,
chr3R	20519673-20519673	1	0	w12.4,
chr3R	20562621-20562621	1	0	w13.1,
chr3R	20670502-20679206	1	8704	w12.4,
chr3R	20759758-20759758	1	0	w12.4,
chr3R	21012691-21012691	1	0	cs13.2,
chr3R	21171719-21171719	1	0	w15.11,
chr3R	21171757-21171757	1	0	w13.1,
chr3R	21175588-21175685	1	97	w12.4,
chr3R	21177484-21177484	1	0	w12.4,
chr3R	21180472-21180477	2	5	cs12.15,w13.6,
chr3R	21180477-21180477	2	0	w12.5,w12.9,
chr3R	21213913-21213913	1	0	w12.4,
chr3R	21249885-21253747	1	3862	w12.4,
chr3R	21299495-21299495	1	0	cs12.5,
chr3R	21318064-21318095	1	31	cs12.2,
chr3R	21459461-21459461	1	0	cs13.13,
chr3R	21471055-21471061	1	6	cs13.18,
chr3R	21474704-21474704	1	0	w12.4,
chr3R	21511015-21511015	1	0	w12.4,
chr3R	21513695-21517741	1	4046	w12.4,
chr3R	21547259-21547259	1	0	cs12.15,
chr3R	21567912-21567917	3	5	cs12.1,cs12.15,w11.5,
chr3R	21579263-21579296	1	33	w12.4,
chr3R	21677861-21677861	1	0	w12.4,
chr3R	21691302-21695635	1	4333	w12.4,
chr3R	21691302-21691302	1	0	w15.7,
chr3R	21736040-21736040	1	0	w15.7,
chr3R	21736370-21736370	4	0	cs13.4,w13.6,w15.11,w15.6,
chr3R	21814896-21814901	1	5	cs13.16,
chr3R	21918943-21918952	1	9	cs13.15,
chr3R	22002065-22002110	1	45	cs13.18,
chr3R	22002071-22002076	1	5	w13.6,
chr3R	22002076-22002076	3	0	cs12.17,w12.9,w13.12,
chr3R	22097806-22097806	1	0	cs12.10,
chr3R	22158470-22158526	1	56	w12.4,
chr3R	22158474-22158526	1	52	cs12.5,
chr3R	22231492-22254939	1	23447	w12.4,
chr3R	22357756-22357918	1	162	cs13.3,
chr3R	22431960-22431960	1	0	cs13.2,
chr3R	22469600-22469600	1	0	cs13.2,
chr3R	22524501-22524501	1	0	w12.4,
chr3R	22773269-22775097	1	1828	w12.4,
chr3R	22895832-22895833	1	1	cs13.8,
chr3R	22914219-22914219	1	0	w11.13,
chr3R	22923427-22923427	1	0	w12.4,
chr3R	22944984-22944987	1	3	w13.11,
chr3R	23227469-23227469	1	0	cs13.13,
chr3R	23282640-23282640	2	0	cs12.2,cs13.12,
chr3R	23295383-23295383	1	0	cs13.2,
chr3R	23306512-23306513	1	1	w11.8,
chr3R	23316949-23316949	1	0	w12.4,
chr3R	23388823-23388835	1	12	w12.4,
chr3R	23484456-23484456	1	0	w12.4,
chr3R	23490819-23491336	1	517	w12.4,
chr3R	23499317-23499317	1	0	cs13.4,
chr3R	23509594-23509618	1	24	w12.4,
chr3R	23517000-23517040	1	40	w12.4,
chr3R	23665823-23665823	1	0	cs13.18,
chr3R	23703450-23703450	1	0	w12.5,
chr3R	23773775-23773775	1	0	w12.4,
chr3R	23874434-23874434	1	0	w12.4,
chr3R	23923316-23923316	1	0	w12.4,
chr3R	23941714-23941745	1	31	w12.4,
chr3R	24069673-24069673	17	0	cs12.10,cs12.14,cs12.2,cs12.5,cs13.12,cs13.15,cs13.16,cs13.4,w11.5,w12.10,w12.13,w12.9,w13.11,w13.12,w13.5,w13.6,w15.7,
chr3R	24072557-24072557	1	0	w13.11,
chr3R	24176271-24176271	1	0	w15.1,
chr3R	24541752-24541752	1	0	cs13.4,
chr3R	24706368-24706368	1	0	cs13.2,
chr3R	24714383-24714383	1	0	w12.4,
chr3R	24796541-24796541	1	0	w12.4,
chr3R	24817245-24817245	1	0	w12.4,
chr3R	24834703-24840688	1	5985	w12.4,
chr3R	25152772-25152772	1	0	w12.4,
chr3R	25202458-25202458	1	0	w12.4,
chr3R	25398781-25398781	1	0	cs13.4,
chr3R	25530940-25530950	1	10	w12.4,
chr3R	25563811-25563811	1	0	w12.4,
chr3R	25916363-25916365	1	2	w12.4,
chr3R	26108863-26108863	1	0	w15.7,
chr3R	26152221-26152254	1	33	w12.4,
chr3R	26343066-26343066	1	0	w12.4,
chr3R	26362595-26362612	1	17	cs12.10,
chr3R	26399905-26399905	1	0	w12.4,
chr3R	26401749-26401749	2	0	cs13.4,w12.13,
chr3R	26418855-26418855	1	0	w15.6,
chr3R	26630137-26630137	1	0	cs13.12,
chr3R	26638990-26638990	1	0	cs13.4,
chr3R	26789546-26789574	1	28	cs13.4,
chr3R	26887825-26887826	1	1	cs13.12,
chr3R	26888042-26888042	4	0	w11.12,w11.6,w11.7,w12.3,
chr3R	26927279-26927285	1	6	w11.10,
chr3R	26988712-26988712	1	0	w12.9,
chr3R	27065111-27065111	1	0	w12.4,
chr3R	27076278-27076278	1	0	w12.4,
chr3R	27133720-27133765	1	45	w12.4,
chr3R	27173946-27173948	1	2	w12.4,
chr3R	27177715-27177715	1	0	w12.4,
chr3R	27201983-27206053	1	4070	w12.4,
chr3R	27209887-27209899	1	12	w11.8,
chr3R	27216372-27296744	1	80372	w12.4,
chr3R	27297727-27327804	1	30077	w12.4,
chr3R	27400475-27400478	1	3	w12.10,
chr3R	27450151-27450151	1	0	cs13.2,
chr3R	27719164-27719194	1	30	w12.9,
chr3R	27719178-27719194	1	16	cs13.15,
chr3R	27719193-27719193	1	0	w12.5,
chr3R	27723441-27723445	1	4	cs13.4,
chr3R	27858452-27858452	1	0	cs13.2,
chr3R	28014713-28014716	4	3	cs12.2,cs12.5,w11.10,w11.8,
chr3R	28014716-28014716	1	0	w15.7,
chr3R	28034098-28125692	1	91594	w12.4,
chr3R	28045415-28045415	1	0	w15.3,
chr3R	28165509-28263535	1	98026	w12.4,
chr3R	28169381-28169381	1	0	cs12.10,
chr3R	28265002-28395367	1	130365	w12.4,
chr3R	28290744-28290745	1	1	cs13.4,
chr3R	28316765-28316765	1	0	w15.7,
chr3R	28345347-28345347	2	0	w12.5,w13.5,
chr3R	28416553-28597198	1	180645	w12.4,
chr3R	28437716-28438088	1	372	w13.12,
chr3R	28549056-28549056	3	0	cs12.10,cs13.18,w11.8,
chr3R	28602875-28603104	1	229	cs13.16,
chr3R	28603367-28641192	1	37825	w12.4,
chr3R	28909146-28978053	1	68907	w12.4,
chr3R	28978432-29071069	1	92637	w12.4,
chr3R	29078178-29092501	1	14323	w12.4,
chr3R	29094692-29204812	1	110120	w12.4,
chr3R	29206538-29330002	1	123464	w12.4,
chr3R	29286136-29286136	1	0	w12.7,
chr3R	29333306-29391143	1	57837	w12.4,
chr3R	29361540-29361540	1	0	cs12.2,
chr3R	29393327-29403099	1	9772	w12.4,
chr3R	29406406-29406408	10	2	w11.12,w11.2,w11.4,w11.6,w11.7,w12.11,w12.3,w12.6,w12.7,w13.4,
chr3R	29406406-29406406	1	0	w15.1,
chr3R	29440601-29460767	1	20166	w12.4,
chr3R	29467437-29507104	1	39667	w12.4,
chr3R	29516330-29572458	1	56128	w12.4,
chr3R	29587857-29591654	1	3797	w12.4,
chr3R	29594458-29622697	1	28239	w12.4,
chr3R	29627187-29776408	1	149221	w12.4,
chr3R	29786158-29786169	1	11	cs13.16,
chr3R	30206956-30219878	1	12922	cs13.1,
chr3R	30219925-30219946	5	21	cs12.5,cs13.4,w12.13,w13.1,w13.5,
chr3R	30219928-30219946	1	18	cs12.8,
chr3R	30219929-30219931	1	2	cs13.16,
chr3R	30222494-30222494	2	0	w13.11,w13.12,
chr3R	30224743-30257045	1	32302	w12.4,
chr3R	30251992-30251992	1	0	w15.7,
chr3R	30252344-30252344	1	0	w13.1,
chr3R	30286200-30286202	7	2	cs12.8,cs13.12,w11.13,w12.10,w13.11,w13.5,w15.6,
chr3R	30286202-30286202	1	0	w11.10,
chr3R	30311038-30311708	1	670	w11.4,
chr3R	30353096-30353096	1	0	w11.8,
chr3R	30484254-30506372	1	22118	w12.4,
chr3R	30653657-30653657	1	0	cs12.5,
chr3R	30654357-30671775	1	17418	cs14.2,
chr3R	30671848-30671849	1	1	cs13.2,
chr3R	30703659-30703661	1	2	w12.5,
chr3R	30703659-30703659	1	0	w12.9,
chr3R	30703659-30703674	1	15	cs13.12,
chr3R	30703661-30703674	1	13	cs13.18,
chr3R	30714606-30714620	1	14	cs12.2,
chr3R	30714606-30714615	1	9	w13.11,
chr3R	30724573-30725251	1	678	cs12.10,
chr3R	30734752-30734767	1	15	cs13.4,
chr3R	30734763-30734767	1	4	cs12.14,
chr3R	30738684-30815219	1	76535	w12.4,
chr3R	30750074-30750074	1	0	w15.7,
chr3R	30759435-30759435	3	0	w12.13,w12.3,w12.6,
chr3R	30823149-30846714	1	23565	w12.4,
chr3R	30855844-30855903	2	59	cs13.18,w13.1,
chr3R	30859424-31140610	1	281186	w12.4,
chr3R	30867020-30867020	1	0	w12.10,
chr3R	31014325-31014325	1	0	cs13.18,
chr3R	31149713-31238799	1	89086	w12.4,
chr3R	31161633-31161643	2	10	cs13.12,w13.11,
chr3R	31241984-31242003	2	19	cs13.2,w15.6,
chr3R	31243058-31264668	1	21610	w12.4,
chr3R	31288459-31410364	1	121905	w12.4,
chr3R	31422973-31623078	1	200105	w12.4,
chr3R	31526259-31526278	1	19	cs12.14,
chr3R	31526278-31526278	1	0	cs12.10,
chr3R	31526563-31530931	1	4368	cs14.12,
chr3R	31532606-31532663	2	57	cs13.18,w12.13,
chr3R	31641770-31641777	1	7	w13.11,
# Added by Danny
chr2L	1867487-1867543	9
chr2L	6842046-6842069	9
chr2L	13357666-13357731	9
chr2L	15105327-15105341	9
chr2R	21477672-21477699	9
chr2R	22679802-22679817	9
chr3R	24176271-24176271	9
chr2L	10447045-10447074	9
chr2L	11175914-11175997	9
chr2L	19830639-19830676	9
chr2R	14842390-14842488	9
chr3L	2979650-2979683	9
chr3L	3107049-3107069	9
chr3R	27719171-27719195	9
chr3R	28345341-28345387	9
chr3R	30714593-30714622	9
chr2R	8590858-8590909	9
chr2R	9806421-9806438	9
chr2R	11493096-11493299	9
chr2R	12223489-12223710	9
chr2R	13393435-13393467	9
chr2R	16675882-16676000	9
chr3L	14873343-14873412	9
chr3L	15655524-15655528	9
chr3R	18295008-18295050	9
chr2L	9488958-9488988	9
chr2L	19582075-19582106	9
chr2L	5624928-5624931	9
chr2L	8808554-8808583	9
chr2L	9362202-9362202	9
chr2L	12524732-12524737	9
chr2L	12619258-12619259	9
chr2L	14147823-14147825	9
chr2L	15397024-15397041	9
chr3R	28045112-28045666	9
chr3R	19056551-19058279	9
chr2R	15485733-15485953	9
chr2R	16289047-16289110	9
chr2L	1767290-1767339	9
chr2L	2350338-2350345	9
chr2L	7639112-7639112	9
chr2L	9192045-9192045	9
chr2L	9203291-9203291	9
chr2L	12248522-12248530	9
chr2L	16437395-16437395	9
chr2R	16643354-16643359	9
chr2R	20080586-20080586	9
chr2L	8896930-8896930	9
chr2L	9711468-9711468	9
chr2L	12604193-12604209	9
chr2L	16243732-16243732	9
chr3L	16176242-16176244	9
chr3L	18863975-18863975	9
chr3L	18864711-18864737	9
chr3R	27209887-27209899	9
chr2L	16243729-16243732	9
chr2R	21182950-21182950	9
chr3L	10488285-10488285	9
chr2R	23483566-23483566	9
chr2R	17387308-17387323	9
chr3R	20189066-20189075	9
chr3R	21857714-21857715	9
chr3L	9260863-9260866	9
chr3L	13354147-13354147	9
chr3L	8556122-8556182	9
chr3L	9681740-9681740	9
chr3L	14965491-14965512	9
chr3R	30703659-30703704	9
chr3R	30653657-30653657	9
chr3R	30671848-30671849	9
chr3R	16733633-16733633	9
chr3R	15779504-15779504	9
chr3R	27132451-27132451	9
chr3R	14282093-14282105	9
chr2L	6744451-6744452	9
chr2L	8271158-8271158	9
chr2L	11972063-11972108	9
chr2L	11972084-11972108	9
chr2L	12406297-12406309	9
